# Blender 5.2.0 LTS
# www.blender.org
mtllib Untitled.mtl
o Cube
v -0.181406 1.570719 0.027357
v 0.509935 0.015149 -2.472672
v 0.586771 0.188035 -2.524012
v -0.181406 1.402189 -0.528214
v 0.634087 0.375629 -2.555627
v -0.181406 1.126289 -0.804113
v 0.650063 0.570719 -2.566302
v -0.181406 0.765809 -0.953429
v -0.181406 0.570719 -0.972643
v -0.181406 0.375629 -0.953429
v 0.634087 0.765809 -2.555627
v -0.181406 0.015149 -0.804113
v 0.586771 0.953402 -2.524012
v 0.509935 1.126289 -2.472672
v 0.406531 1.277826 -2.403579
v 0.280533 1.402189 -2.319390
v -0.181406 -0.429281 0.027357
v 0.136783 1.494598 -2.223340
v -0.143346 1.551504 -0.163985
v -0.106749 1.494598 -0.347974
v -0.073020 1.402189 -0.517538
v -0.043457 1.277826 -0.666163
v -0.019195 1.126289 -0.788136
v -0.001167 0.953402 -0.878771
v 0.009935 0.765809 -0.934583
v 0.013684 0.570719 -0.953429
v 0.009935 0.375629 -0.934583
v -0.001167 0.188035 -0.878771
v -0.019195 0.015149 -0.788136
v -0.043457 -0.136388 -0.666163
v -0.073020 -0.260751 -0.517538
v -0.106749 -0.353161 -0.347974
v -0.143346 -0.410066 -0.163985
v -0.019195 1.551504 -2.119118
v -0.043457 -0.410066 -2.148682
v -0.106749 1.551504 -0.152883
v -0.034960 1.494598 -0.326197
v 0.031201 1.402189 -0.485923
v 0.089192 1.277826 -0.625925
v 0.136783 1.126289 -0.740821
v 0.172147 0.953402 -0.826197
v 0.193924 0.765809 -0.878771
v 0.201277 0.570719 -0.896523
v 0.193924 0.375629 -0.878771
v 0.172147 0.188035 -0.826197
v 0.136783 0.015149 -0.740821
v 0.089192 -0.136388 -0.625925
v 0.031201 -0.260751 -0.485923
v -0.034960 -0.353161 -0.326197
v -0.106749 -0.410066 -0.152883
v 0.089192 -0.353161 -2.281330
v 0.211441 -0.260751 -2.403579
v -0.073020 1.551504 -0.134855
v 0.031201 1.494598 -0.290833
v 0.127252 1.402189 -0.434583
v 0.211441 1.277826 -0.560581
v 0.280533 1.126289 -0.663985
v 0.331873 0.953402 -0.740821
v 0.363489 0.765809 -0.788136
v 0.374164 0.570719 -0.804113
v 0.363489 0.375629 -0.788136
v 0.331873 0.188035 -0.740821
v 0.280533 0.015149 -0.663985
v 0.211441 -0.136388 -0.560581
v 0.127252 -0.260751 -0.434583
v 0.031201 -0.353161 -0.290833
v -0.073020 -0.410066 -0.134855
v 0.318594 -0.136388 -2.510732
v 0.406531 0.015149 -2.598670
v -0.043457 1.551504 -0.110593
v 0.089192 1.494598 -0.243241
v 0.211441 1.402189 -0.365491
v 0.318594 1.277826 -0.472643
v 0.406531 1.126289 -0.560581
v 0.471875 0.953402 -0.625925
v 0.512113 0.765809 -0.666163
v 0.525700 0.570719 -0.679750
v 0.512113 0.375629 -0.666163
v 0.471875 0.188035 -0.625925
v 0.406531 0.015149 -0.560581
v 0.318594 -0.136388 -0.472643
v 0.211441 -0.260751 -0.365491
v 0.089192 -0.353161 -0.243241
v -0.043457 -0.410066 -0.110593
v 0.471875 0.188035 -2.664013
v 0.512113 0.375629 -2.704252
v -0.019195 1.551504 -0.081030
v 0.136783 1.494598 -0.185251
v 0.280533 1.402189 -0.281302
v 0.406531 1.277826 -0.365491
v 0.509935 1.126289 -0.434583
v 0.586771 0.953402 -0.485923
v 0.634087 0.765809 -0.517538
v 0.650063 0.570719 -0.528213
v 0.634087 0.375629 -0.517538
v 0.586771 0.188035 -0.485923
v 0.509935 0.015149 -0.434583
v 0.406531 -0.136388 -0.365491
v 0.280533 -0.260751 -0.281302
v 0.136783 -0.353161 -0.185251
v -0.019195 -0.410066 -0.081030
v 0.525700 0.570719 -2.717839
v 0.512113 0.765809 -2.704252
v -0.001167 1.551504 -0.047301
v 0.172147 1.494598 -0.119090
v 0.331873 1.402189 -0.185251
v 0.471875 1.277826 -0.243241
v 0.586771 1.126289 -0.290833
v 0.672147 0.953402 -0.326197
v 0.724721 0.765809 -0.347974
v 0.742473 0.570719 -0.355327
v 0.724721 0.375629 -0.347974
v 0.672147 0.188035 -0.326197
v 0.586771 0.015149 -0.290833
v 0.471875 -0.136388 -0.243241
v 0.331873 -0.260751 -0.185251
v 0.172147 -0.353161 -0.119090
v -0.001167 -0.410066 -0.047301
v 0.471875 0.953402 -2.664013
v 0.406531 1.126289 -2.598670
v 0.009935 1.551504 -0.010704
v 0.193924 1.494598 -0.047301
v 0.363489 1.402189 -0.081030
v 0.512113 1.277826 -0.110593
v 0.634086 1.126289 -0.134855
v 0.724721 0.953402 -0.152883
v 0.780533 0.765809 -0.163985
v 0.799379 0.570719 -0.167734
v 0.780533 0.375629 -0.163985
v 0.724721 0.188035 -0.152883
v 0.634086 0.015149 -0.134855
v 0.512113 -0.136388 -0.110593
v 0.363489 -0.260751 -0.081030
v 0.193924 -0.353161 -0.047301
v 0.009935 -0.410066 -0.010704
v 0.318594 1.277826 -2.510732
v 0.211441 1.402189 -2.403579
v 0.013684 1.551504 0.027357
v 0.201277 1.494598 0.027357
v 0.374164 1.402189 0.027357
v 0.525700 1.277826 0.027357
v 0.650063 1.126289 0.027357
v 0.742473 0.953402 0.027357
v 0.799379 0.765809 0.027357
v 0.818593 0.570719 0.027357
v 0.799379 0.375629 0.027357
v 0.742473 0.188035 0.027357
v 0.650063 0.015149 0.027357
v 0.525700 -0.136388 0.027357
v 0.374164 -0.260751 0.027357
v 0.201277 -0.353161 0.027357
v 0.013684 -0.410066 0.027357
v 0.089192 1.494598 -2.281330
v -0.043457 1.551504 -2.148682
v 0.009935 1.551504 0.065417
v 0.193924 1.494598 0.102014
v 0.363489 1.402189 0.135743
v 0.512113 1.277826 0.165306
v 0.634086 1.126289 0.189568
v 0.724721 0.953402 0.207597
v 0.780533 0.765809 0.218698
v 0.799378 0.570719 0.222447
v 0.780533 0.375629 0.218698
v 0.724721 0.188035 0.207597
v 0.634086 0.015149 0.189568
v 0.512113 -0.136388 0.165306
v 0.363489 -0.260751 0.135743
v 0.193924 -0.353161 0.102014
v 0.009935 -0.410066 0.065417
v -0.073020 -0.410066 -2.172944
v 0.031201 -0.353161 -2.328922
v -0.001167 1.551504 0.102014
v 0.172147 1.494598 0.173803
v 0.331873 1.402189 0.239964
v 0.471875 1.277826 0.297955
v 0.586771 1.126289 0.345546
v 0.672147 0.953402 0.380910
v 0.724721 0.765809 0.402687
v 0.742473 0.570719 0.410040
v 0.724721 0.375629 0.402687
v 0.672147 0.188035 0.380910
v 0.586771 0.015149 0.345546
v 0.471875 -0.136388 0.297955
v 0.331873 -0.260751 0.239964
v 0.172147 -0.353161 0.173803
v -0.001167 -0.410066 0.102014
v 0.127252 -0.260751 -2.472672
v 0.211441 -0.136388 -2.598670
v -0.019195 1.551504 0.135743
v 0.136783 1.494598 0.239964
v 0.280533 1.402189 0.336015
v 0.406531 1.277826 0.420204
v 0.509935 1.126289 0.489296
v 0.586771 0.953402 0.540636
v 0.634086 0.765809 0.572252
v 0.650063 0.570719 0.582927
v 0.634086 0.375629 0.572252
v 0.586771 0.188035 0.540636
v 0.509935 0.015149 0.489296
v 0.406531 -0.136388 0.420204
v 0.280533 -0.260751 0.336015
v 0.136783 -0.353161 0.239964
v -0.019195 -0.410066 0.135743
v 0.280533 0.015149 -2.702074
v 0.331873 0.188035 -2.778910
v -0.043457 1.551504 0.165306
v 0.089191 1.494598 0.297955
v 0.211441 1.402189 0.420204
v 0.318593 1.277826 0.527357
v 0.406531 1.126289 0.615294
v 0.471875 0.953402 0.680638
v 0.512113 0.765809 0.720876
v 0.525700 0.570719 0.734463
v 0.512113 0.375629 0.720876
v 0.471875 0.188035 0.680638
v 0.406531 0.015149 0.615294
v 0.318593 -0.136388 0.527357
v 0.211441 -0.260751 0.420204
v 0.089191 -0.353161 0.297955
v -0.043457 -0.410066 0.165306
v 0.363489 0.375629 -2.826225
v 0.374164 0.570719 -2.842201
v -0.073020 1.551504 0.189568
v 0.031201 1.494598 0.345546
v 0.127252 1.402189 0.489296
v 0.211441 1.277826 0.615294
v 0.280533 1.126289 0.718698
v 0.331873 0.953402 0.795534
v 0.363488 0.765809 0.842850
v 0.374163 0.570719 0.858826
v 0.363488 0.375629 0.842850
v 0.331873 0.188035 0.795534
v 0.280533 0.015149 0.718698
v 0.211441 -0.136388 0.615294
v 0.127252 -0.260751 0.489296
v 0.031201 -0.353161 0.345546
v -0.073020 -0.410066 0.189568
v 0.363489 0.765809 -2.826225
v 0.331873 0.953402 -2.778910
v -0.106749 1.551504 0.207596
v -0.034960 1.494598 0.380910
v 0.031201 1.402189 0.540636
v 0.089192 1.277826 0.680638
v 0.136783 1.126289 0.795534
v 0.172147 0.953402 0.880910
v 0.193924 0.765809 0.933484
v 0.201276 0.570719 0.951236
v 0.193924 0.375629 0.933484
v 0.172147 0.188035 0.880910
v 0.136783 0.015149 0.795534
v 0.089192 -0.136388 0.680638
v 0.031201 -0.260751 0.540636
v -0.034960 -0.353161 0.380910
v -0.106749 -0.410066 0.207596
v 0.280533 1.126289 -2.702074
v 0.211441 1.277826 -2.598670
v -0.143346 1.551504 0.218698
v -0.106749 1.494598 0.402687
v -0.073020 1.402189 0.572251
v -0.043457 1.277826 0.720876
v -0.019195 1.126289 0.842849
v -0.001167 0.953402 0.933484
v 0.009935 0.765809 0.989296
v 0.013683 0.570719 1.008141
v 0.009935 0.375629 0.989296
v -0.001167 0.188035 0.933484
v -0.019195 0.015149 0.842849
v -0.043457 -0.136388 0.720876
v -0.073020 -0.260751 0.572251
v -0.106749 -0.353161 0.402687
v -0.143346 -0.410066 0.218698
v 0.127252 1.402189 -2.472672
v 0.031201 1.494598 -2.328922
v -0.181406 1.551504 0.222447
v -0.181407 1.494598 0.410040
v -0.181407 1.402189 0.582927
v -0.181406 1.277826 0.734463
v -0.181407 1.126289 0.858826
v -0.181406 0.953402 0.951236
v -0.181407 0.765809 1.008142
v -0.181407 0.570719 1.027356
v -0.181407 0.375629 1.008142
v -0.181406 0.188035 0.951236
v -0.181407 0.015149 0.858826
v -0.181406 -0.136388 0.734463
v -0.181407 -0.260751 0.582927
v -0.181407 -0.353161 0.410040
v -0.181406 -0.410066 0.222447
v -0.073020 1.551504 -2.172944
v -0.106749 -0.410066 -2.190972
v -0.219467 1.551504 0.218698
v -0.256064 1.494598 0.402687
v -0.289793 1.402189 0.572251
v -0.319356 1.277826 0.720876
v -0.343618 1.126289 0.842849
v -0.361646 0.953402 0.933484
v -0.372748 0.765809 0.989296
v -0.376497 0.570719 1.008141
v -0.372748 0.375629 0.989296
v -0.361646 0.188035 0.933484
v -0.343618 0.015149 0.842849
v -0.319356 -0.136388 0.720876
v -0.289793 -0.260751 0.572251
v -0.256064 -0.353161 0.402687
v -0.219467 -0.410066 0.218698
v -0.034960 -0.353161 -2.364285
v 0.031201 -0.260751 -2.524012
v -0.256064 1.551504 0.207596
v -0.327853 1.494598 0.380910
v -0.394014 1.402189 0.540636
v -0.452004 1.277826 0.680638
v -0.499596 1.126289 0.795534
v -0.534960 0.953402 0.880910
v -0.556737 0.765809 0.933484
v -0.564090 0.570719 0.951235
v -0.556737 0.375629 0.933484
v -0.534960 0.188035 0.880910
v -0.499596 0.015149 0.795534
v -0.452004 -0.136388 0.680638
v -0.394014 -0.260751 0.540636
v -0.327853 -0.353161 0.380910
v -0.256064 -0.410066 0.207596
v 0.089192 -0.136388 -2.664013
v 0.136783 0.015149 -2.778910
v -0.289793 1.551504 0.189568
v -0.394014 1.494598 0.345546
v -0.490065 1.402189 0.489296
v -0.574254 1.277826 0.615294
v -0.643346 1.126289 0.718698
v -0.694686 0.953402 0.795534
v -0.726302 0.765809 0.842849
v -0.736977 0.570719 0.858825
v -0.726302 0.375629 0.842849
v -0.694686 0.188035 0.795534
v -0.643346 0.015149 0.718698
v -0.574254 -0.136388 0.615294
v -0.490065 -0.260751 0.489296
v -0.394014 -0.353161 0.345546
v -0.289793 -0.410066 0.189568
v 0.172147 0.188035 -2.864285
v 0.193924 0.375629 -2.916859
v -0.319356 1.551504 0.165306
v -0.452004 1.494598 0.297955
v -0.574254 1.402189 0.420204
v -0.681406 1.277826 0.527357
v -0.769344 1.126289 0.615294
v -0.834688 0.953402 0.680638
v -0.874926 0.765809 0.720876
v -0.888513 0.570719 0.734463
v -0.874926 0.375629 0.720876
v -0.834688 0.188035 0.680638
v -0.769344 0.015149 0.615294
v -0.681406 -0.136388 0.527357
v -0.574254 -0.260751 0.420204
v -0.452004 -0.353161 0.297955
v -0.319356 -0.410066 0.165306
v 0.201277 0.570719 -2.934611
v 0.193924 0.765809 -2.916859
v -0.343618 1.551504 0.135743
v -0.499596 1.494598 0.239964
v -0.643346 1.402189 0.336015
v -0.769344 1.277826 0.420204
v -0.872748 1.126289 0.489296
v -0.949584 0.953402 0.540636
v -0.996899 0.765809 0.572251
v -1.012876 0.570719 0.582926
v -0.996899 0.375629 0.572251
v -0.949584 0.188035 0.540636
v -0.872748 0.015149 0.489296
v -0.769344 -0.136388 0.420204
v -0.643346 -0.260751 0.336015
v -0.499596 -0.353161 0.239964
v -0.343618 -0.410066 0.135743
v 0.172147 0.953402 -2.864285
v 0.136783 1.126289 -2.778910
v -0.361646 1.551504 0.102014
v -0.534960 1.494598 0.173803
v -0.694686 1.402189 0.239964
v -0.834688 1.277826 0.297955
v -0.949584 1.126289 0.345546
v -1.034960 0.953402 0.380910
v -1.087534 0.765809 0.402687
v -1.105285 0.570719 0.410039
v -1.087534 0.375629 0.402687
v -1.034960 0.188035 0.380910
v -0.949584 0.015149 0.345546
v -0.834688 -0.136388 0.297955
v -0.694686 -0.260751 0.239964
v -0.534960 -0.353161 0.173803
v -0.361646 -0.410066 0.102014
v 0.089192 1.277826 -2.664013
v 0.031201 1.402189 -2.524012
v -0.372748 1.551504 0.065417
v -0.556737 1.494598 0.102014
v -0.726301 1.402189 0.135743
v -0.874926 1.277826 0.165306
v -0.996899 1.126289 0.189568
v -1.087534 0.953402 0.207597
v -1.143346 0.765809 0.218698
v -1.162191 0.570719 0.222446
v -1.143346 0.375629 0.218698
v -1.087534 0.188035 0.207597
v -0.996899 0.015149 0.189568
v -0.874926 -0.136388 0.165306
v -0.726301 -0.260751 0.135743
v -0.556737 -0.353161 0.102014
v -0.372748 -0.410066 0.065417
v -0.034960 1.494598 -2.364285
v -0.106749 1.551504 -2.190972
v -0.376497 1.551504 0.027357
v -0.564090 1.494598 0.027357
v -0.736976 1.402189 0.027356
v -0.888513 1.277826 0.027357
v -1.012876 1.126289 0.027356
v -1.105286 0.953402 0.027357
v -1.162191 0.765809 0.027356
v -1.181406 0.570719 0.027356
v -1.162191 0.375629 0.027356
v -1.105286 0.188035 0.027357
v -1.012876 0.015149 0.027356
v -0.888513 -0.136388 0.027357
v -0.736976 -0.260751 0.027356
v -0.564090 -0.353161 0.027357
v -0.376497 -0.410066 0.027357
v -0.143346 -0.410066 -2.202074
v -0.106749 -0.353161 -2.386062
v -0.372748 1.551504 -0.010704
v -0.556737 1.494598 -0.047301
v -0.726301 1.402189 -0.081030
v -0.874926 1.277826 -0.110593
v -0.996899 1.126289 -0.134855
v -1.087533 0.953402 -0.152883
v -1.143346 0.765809 -0.163985
v -1.162191 0.570719 -0.167734
v -1.143346 0.375629 -0.163985
v -1.087533 0.188035 -0.152883
v -0.996899 0.015149 -0.134855
v -0.874926 -0.136388 -0.110593
v -0.726301 -0.260751 -0.081030
v -0.556737 -0.353161 -0.047301
v -0.372748 -0.410066 -0.010704
v -0.073020 -0.260751 -2.555627
v -0.043457 -0.136388 -2.704252
v -0.361646 1.551504 -0.047301
v -0.534960 1.494598 -0.119090
v -0.694686 1.402189 -0.185251
v -0.834688 1.277826 -0.243241
v -0.949584 1.126289 -0.290833
v -1.034959 0.953402 -0.326197
v -1.087533 0.765809 -0.347974
v -1.105285 0.570719 -0.355327
v -1.087533 0.375629 -0.347974
v -1.034959 0.188035 -0.326197
v -0.949584 0.015149 -0.290833
v -0.834688 -0.136388 -0.243241
v -0.694686 -0.260751 -0.185251
v -0.534960 -0.353161 -0.119090
v -0.361646 -0.410066 -0.047301
v -0.019195 0.015149 -2.826225
v -0.001167 0.188035 -2.916859
v -0.343618 1.551504 -0.081030
v -0.499596 1.494598 -0.185251
v -0.643346 1.402189 -0.281302
v -0.769344 1.277826 -0.365491
v -0.872748 1.126289 -0.434583
v -0.949584 0.953402 -0.485923
v -0.996899 0.765809 -0.517538
v -1.012875 0.570719 -0.528213
v -0.996899 0.375629 -0.517538
v -0.949584 0.188035 -0.485923
v -0.872748 0.015149 -0.434583
v -0.769344 -0.136388 -0.365491
v -0.643346 -0.260751 -0.281302
v -0.499596 -0.353161 -0.185251
v -0.343618 -0.410066 -0.081030
v 0.009935 0.375629 -2.972672
v 0.013684 0.570719 -2.991517
v -0.319356 1.551504 -0.110593
v -0.452004 1.494598 -0.243241
v -0.574253 1.402189 -0.365491
v -0.681406 1.277826 -0.472643
v -0.769344 1.126289 -0.560581
v -0.834688 0.953402 -0.625925
v -0.874926 0.765809 -0.666163
v -0.888512 0.570719 -0.679750
v -0.874926 0.375629 -0.666163
v -0.834688 0.188035 -0.625925
v -0.769344 0.015149 -0.560581
v -0.681406 -0.136388 -0.472643
v -0.574253 -0.260751 -0.365491
v -0.452004 -0.353161 -0.243241
v -0.319356 -0.410066 -0.110593
v 0.009935 0.765809 -2.972672
v -0.001167 0.953402 -2.916859
v -0.289793 1.551504 -0.134855
v -0.394014 1.494598 -0.290833
v -0.490064 1.402189 -0.434583
v -0.574254 1.277826 -0.560581
v -0.643346 1.126289 -0.663985
v -0.694686 0.953402 -0.740821
v -0.726301 0.765809 -0.788136
v -0.736976 0.570719 -0.804112
v -0.726301 0.375629 -0.788136
v -0.694686 0.188035 -0.740821
v -0.643346 0.015149 -0.663985
v -0.574254 -0.136388 -0.560581
v -0.490064 -0.260751 -0.434583
v -0.394014 -0.353161 -0.290833
v -0.289793 -0.410066 -0.134855
v -0.019195 1.126289 -2.826225
v -0.043457 1.277826 -2.704252
v -0.256064 1.551504 -0.152883
v -0.327853 1.494598 -0.326197
v -0.394014 1.402189 -0.485923
v -0.452004 1.277826 -0.625925
v -0.499596 1.126289 -0.740821
v -0.534960 0.953402 -0.826196
v -0.556736 0.765809 -0.878770
v -0.564089 0.570719 -0.896522
v -0.556736 0.375629 -0.878770
v -0.534960 0.188035 -0.826196
v -0.499596 0.015149 -0.740821
v -0.452004 -0.136388 -0.625925
v -0.394014 -0.260751 -0.485923
v -0.327853 -0.353161 -0.326197
v -0.256064 -0.410066 -0.152883
v -0.073020 1.402189 -2.555627
v -0.106749 1.494598 -2.386062
v -0.219467 1.551504 -0.163985
v -0.256064 1.494598 -0.347973
v -0.289793 1.402189 -0.517538
v -0.319356 1.277826 -0.666163
v -0.343618 1.126289 -0.788136
v -0.361646 0.953402 -0.878770
v -0.372748 0.765809 -0.934583
v -0.376496 0.570719 -0.953428
v -0.372748 0.375629 -0.934583
v -0.361646 0.188035 -0.878770
v -0.343618 0.015149 -0.788136
v -0.319356 -0.136388 -0.666163
v -0.289793 -0.260751 -0.517538
v -0.256064 -0.353161 -0.347973
v -0.219467 -0.410066 -0.163985
v -0.143346 1.551504 -2.202074
v -0.181406 -0.429281 -2.010732
v -0.181406 1.551504 -0.167733
v -0.181406 1.494598 -0.355327
v -0.181406 0.015149 -2.842201
v -0.181406 1.277826 -0.679750
v -0.181406 0.375629 -2.991517
v -0.181406 0.953402 -0.896522
v -0.181406 0.570719 -3.010732
v -0.181406 0.765809 -2.991517
v -0.181406 1.126289 -2.842201
v -0.181406 0.188035 -0.896522
v -0.181406 1.402189 -2.566302
v -0.181406 -0.136388 -0.679750
v -0.181406 -0.260751 -0.528213
v -0.181406 -0.353161 -0.355327
v -0.181406 -0.410066 -0.167733
v -0.181406 1.570719 -2.010732
v 0.406531 -0.136388 -2.403579
v 0.280533 -0.260751 -2.319390
v 0.136783 -0.353161 -2.223340
v -0.019195 -0.410066 -2.119118
v -0.001167 1.551504 -2.085390
v 0.172147 1.494598 -2.157178
v 0.331873 1.402189 -2.223339
v 0.471875 1.277826 -2.281330
v 0.586771 1.126289 -2.328921
v 0.672147 0.953402 -2.364285
v 0.724721 0.765809 -2.386062
v 0.742473 0.570719 -2.393415
v 0.724721 0.375629 -2.386062
v 0.672147 0.188035 -2.364285
v 0.586771 0.015149 -2.328921
v 0.471875 -0.136388 -2.281330
v 0.331873 -0.260751 -2.223339
v 0.172147 -0.353161 -2.157178
v -0.001167 -0.410066 -2.085390
v 0.009935 1.551504 -2.048792
v 0.193924 1.494598 -2.085390
v 0.363489 1.402189 -2.119118
v 0.512113 1.277826 -2.148682
v 0.634086 1.126289 -2.172944
v 0.724721 0.953402 -2.190972
v 0.780533 0.765809 -2.202074
v 0.799379 0.570719 -2.205822
v 0.780533 0.375629 -2.202074
v 0.724721 0.188035 -2.190972
v 0.634086 0.015149 -2.172944
v 0.512113 -0.136388 -2.148682
v 0.363489 -0.260751 -2.119118
v 0.193924 -0.353161 -2.085390
v 0.009935 -0.410066 -2.048792
v 0.013684 1.551504 -2.010732
v 0.201277 1.494598 -2.010732
v 0.374164 1.402189 -2.010732
v 0.525700 1.277826 -2.010732
v 0.650063 1.126289 -2.010732
v 0.742473 0.953402 -2.010732
v 0.799379 0.765809 -2.010732
v 0.818593 0.570719 -2.010732
v 0.799379 0.375629 -2.010732
v 0.742473 0.188035 -2.010732
v 0.650063 0.015149 -2.010732
v 0.525700 -0.136388 -2.010732
v 0.374164 -0.260751 -2.010732
v 0.201277 -0.353161 -2.010732
v 0.013684 -0.410066 -2.010732
v 0.009935 1.551504 -1.972672
v 0.193924 1.494598 -1.936074
v 0.363489 1.402189 -1.902346
v 0.512113 1.277826 -1.872782
v 0.634086 1.126289 -1.848520
v 0.724721 0.953402 -1.830492
v 0.780533 0.765809 -1.819390
v 0.799378 0.570719 -1.815642
v 0.780533 0.375629 -1.819390
v 0.724721 0.188035 -1.830492
v 0.634086 0.015149 -1.848520
v 0.512113 -0.136388 -1.872782
v 0.363489 -0.260751 -1.902346
v 0.193924 -0.353161 -1.936074
v 0.009935 -0.410066 -1.972672
v -0.001167 1.551504 -1.936074
v 0.172147 1.494598 -1.864285
v 0.331873 1.402189 -1.798124
v 0.471875 1.277826 -1.740134
v 0.586771 1.126289 -1.692542
v 0.672147 0.953402 -1.657179
v 0.724721 0.765809 -1.635402
v 0.742473 0.570719 -1.628048
v 0.724721 0.375629 -1.635402
v 0.672147 0.188035 -1.657179
v 0.586771 0.015149 -1.692542
v 0.471875 -0.136388 -1.740134
v 0.331873 -0.260751 -1.798124
v 0.172147 -0.353161 -1.864285
v -0.001167 -0.410066 -1.936074
v -0.019195 1.551504 -1.902346
v 0.136783 1.494598 -1.798124
v 0.280533 1.402189 -1.702074
v 0.406531 1.277826 -1.617885
v 0.509935 1.126289 -1.548792
v 0.586771 0.953402 -1.497452
v 0.634086 0.765809 -1.465837
v 0.650063 0.570719 -1.455162
v 0.634086 0.375629 -1.465837
v 0.586771 0.188035 -1.497452
v 0.509935 0.015149 -1.548792
v 0.406531 -0.136388 -1.617885
v 0.280533 -0.260751 -1.702074
v 0.136783 -0.353161 -1.798124
v -0.019195 -0.410066 -1.902346
v -0.043457 1.551504 -1.872782
v 0.089191 1.494598 -1.740134
v 0.211441 1.402189 -1.617885
v 0.318593 1.277826 -1.510732
v 0.406531 1.126289 -1.422794
v 0.471875 0.953402 -1.357451
v 0.512113 0.765809 -1.317212
v 0.525700 0.570719 -1.303625
v 0.512113 0.375629 -1.317212
v 0.471875 0.188035 -1.357451
v 0.406531 0.015149 -1.422794
v 0.318593 -0.136388 -1.510732
v 0.211441 -0.260751 -1.617885
v 0.089191 -0.353161 -1.740134
v -0.043457 -0.410066 -1.872782
v -0.073020 1.551504 -1.848520
v 0.031201 1.494598 -1.692542
v 0.127252 1.402189 -1.548792
v 0.211441 1.277826 -1.422794
v 0.280533 1.126289 -1.319390
v 0.331873 0.953402 -1.242554
v 0.363488 0.765809 -1.195239
v 0.374163 0.570719 -1.179263
v 0.363488 0.375629 -1.195239
v 0.331873 0.188035 -1.242554
v 0.280533 0.015149 -1.319390
v 0.211441 -0.136388 -1.422794
v 0.127252 -0.260751 -1.548792
v 0.031201 -0.353161 -1.692542
v -0.073020 -0.410066 -1.848520
v -0.106749 1.551504 -1.830492
v -0.034960 1.494598 -1.657179
v 0.031201 1.402189 -1.497452
v 0.089192 1.277826 -1.357450
v 0.136783 1.126289 -1.242554
v 0.172147 0.953402 -1.157179
v 0.193924 0.765809 -1.104605
v 0.201276 0.570719 -1.086853
v 0.193924 0.375629 -1.104605
v 0.172147 0.188035 -1.157179
v 0.136783 0.015149 -1.242554
v 0.089192 -0.136388 -1.357450
v 0.031201 -0.260751 -1.497452
v -0.034960 -0.353161 -1.657179
v -0.106749 -0.410066 -1.830492
v -0.143346 1.551504 -1.819390
v -0.106749 1.494598 -1.635402
v -0.073020 1.402189 -1.465837
v -0.043457 1.277826 -1.317212
v -0.019195 1.126289 -1.195239
v -0.001167 0.953402 -1.104605
v 0.009935 0.765809 -1.048792
v 0.013683 0.570719 -1.029947
v 0.009935 0.375629 -1.048792
v -0.001167 0.188035 -1.104605
v -0.019195 0.015149 -1.195239
v -0.043457 -0.136388 -1.317212
v -0.073020 -0.260751 -1.465837
v -0.106749 -0.353161 -1.635402
v -0.143346 -0.410066 -1.819390
v -0.181406 1.551504 -1.815642
v -0.181407 1.494598 -1.628049
v -0.181407 1.402189 -1.455162
v -0.181406 1.277826 -1.303625
v -0.181407 1.126289 -1.179263
v -0.181406 0.953402 -1.086853
v -0.181407 0.765809 -1.029947
v -0.181407 0.570719 -1.010733
v -0.181407 0.375629 -1.029947
v -0.181406 0.188035 -1.086853
v -0.181407 0.015149 -1.179263
v -0.181406 -0.136388 -1.303625
v -0.181407 -0.260751 -1.455162
v -0.181407 -0.353161 -1.628049
v -0.181406 -0.410066 -1.815642
v -0.219467 1.551504 -1.819390
v -0.256064 1.494598 -1.635402
v -0.289793 1.402189 -1.465837
v -0.319356 1.277826 -1.317212
v -0.343618 1.126289 -1.195239
v -0.361646 0.953402 -1.104605
v -0.372748 0.765809 -1.048793
v -0.376497 0.570719 -1.029947
v -0.372748 0.375629 -1.048793
v -0.361646 0.188035 -1.104605
v -0.343618 0.015149 -1.195239
v -0.319356 -0.136388 -1.317212
v -0.289793 -0.260751 -1.465837
v -0.256064 -0.353161 -1.635402
v -0.219467 -0.410066 -1.819390
v -0.256064 1.551504 -1.830492
v -0.327853 1.494598 -1.657179
v -0.394014 1.402189 -1.497452
v -0.452004 1.277826 -1.357451
v -0.499596 1.126289 -1.242555
v -0.534960 0.953402 -1.157179
v -0.556737 0.765809 -1.104605
v -0.564090 0.570719 -1.086853
v -0.556737 0.375629 -1.104605
v -0.534960 0.188035 -1.157179
v -0.499596 0.015149 -1.242555
v -0.452004 -0.136388 -1.357451
v -0.394014 -0.260751 -1.497452
v -0.327853 -0.353161 -1.657179
v -0.256064 -0.410066 -1.830492
v -0.289793 1.551504 -1.848520
v -0.394014 1.494598 -1.692542
v -0.490065 1.402189 -1.548793
v -0.574254 1.277826 -1.422794
v -0.643346 1.126289 -1.319391
v -0.694686 0.953402 -1.242554
v -0.726302 0.765809 -1.195239
v -0.736977 0.570719 -1.179263
v -0.726302 0.375629 -1.195239
v -0.694686 0.188035 -1.242554
v -0.643346 0.015149 -1.319391
v -0.574254 -0.136388 -1.422794
v -0.490065 -0.260751 -1.548793
v -0.394014 -0.353161 -1.692542
v -0.289793 -0.410066 -1.848520
v -0.319356 1.551504 -1.872782
v -0.452004 1.494598 -1.740134
v -0.574254 1.402189 -1.617885
v -0.681406 1.277826 -1.510732
v -0.769344 1.126289 -1.422795
v -0.834688 0.953402 -1.357451
v -0.874926 0.765809 -1.317212
v -0.888513 0.570719 -1.303626
v -0.874926 0.375629 -1.317212
v -0.834688 0.188035 -1.357451
v -0.769344 0.015149 -1.422795
v -0.681406 -0.136388 -1.510732
v -0.574254 -0.260751 -1.617885
v -0.452004 -0.353161 -1.740134
v -0.319356 -0.410066 -1.872782
v -0.343618 1.551504 -1.902346
v -0.499596 1.494598 -1.798125
v -0.643346 1.402189 -1.702074
v -0.769344 1.277826 -1.617885
v -0.872748 1.126289 -1.548792
v -0.949584 0.953402 -1.497452
v -0.996899 0.765809 -1.465837
v -1.012876 0.570719 -1.455163
v -0.996899 0.375629 -1.465837
v -0.949584 0.188035 -1.497452
v -0.872748 0.015149 -1.548792
v -0.769344 -0.136388 -1.617885
v -0.643346 -0.260751 -1.702074
v -0.499596 -0.353161 -1.798125
v -0.343618 -0.410066 -1.902346
v -0.361646 1.551504 -1.936074
v -0.534960 1.494598 -1.864285
v -0.694686 1.402189 -1.798125
v -0.834688 1.277826 -1.740134
v -0.949584 1.126289 -1.692543
v -1.034960 0.953402 -1.657179
v -1.087534 0.765809 -1.635402
v -1.105285 0.570719 -1.628049
v -1.087534 0.375629 -1.635402
v -1.034960 0.188035 -1.657179
v -0.949584 0.015149 -1.692543
v -0.834688 -0.136388 -1.740134
v -0.694686 -0.260751 -1.798125
v -0.534960 -0.353161 -1.864285
v -0.361646 -0.410066 -1.936074
v -0.372748 1.551504 -1.972672
v -0.556737 1.494598 -1.936074
v -0.726301 1.402189 -1.902346
v -0.874926 1.277826 -1.872782
v -0.996899 1.126289 -1.848521
v -1.087534 0.953402 -1.830492
v -1.143346 0.765809 -1.819391
v -1.162191 0.570719 -1.815642
v -1.143346 0.375629 -1.819391
v -1.087534 0.188035 -1.830492
v -0.996899 0.015149 -1.848521
v -0.874926 -0.136388 -1.872782
v -0.726301 -0.260751 -1.902346
v -0.556737 -0.353161 -1.936074
v -0.372748 -0.410066 -1.972672
v -0.376497 1.551504 -2.010732
v -0.564090 1.494598 -2.010732
v -0.736976 1.402189 -2.010732
v -0.888513 1.277826 -2.010732
v -1.012876 1.126289 -2.010732
v -1.105286 0.953402 -2.010732
v -1.162191 0.765809 -2.010732
v -1.181406 0.570719 -2.010732
v -1.162191 0.375629 -2.010732
v -1.105286 0.188035 -2.010732
v -1.012876 0.015149 -2.010732
v -0.888513 -0.136388 -2.010732
v -0.736976 -0.260751 -2.010732
v -0.564090 -0.353161 -2.010732
v -0.376497 -0.410066 -2.010732
v -0.372748 1.551504 -2.048792
v -0.556737 1.494598 -2.085390
v -0.726301 1.402189 -2.119118
v -0.874926 1.277826 -2.148682
v -0.996899 1.126289 -2.172944
v -1.087533 0.953402 -2.190972
v -1.143346 0.765809 -2.202074
v -1.162191 0.570719 -2.205822
v -1.143346 0.375629 -2.202074
v -1.087533 0.188035 -2.190972
v -0.996899 0.015149 -2.172944
v -0.874926 -0.136388 -2.148682
v -0.726301 -0.260751 -2.119118
v -0.556737 -0.353161 -2.085390
v -0.372748 -0.410066 -2.048792
v -0.361646 1.551504 -2.085390
v -0.534960 1.494598 -2.157178
v -0.694686 1.402189 -2.223339
v -0.834688 1.277826 -2.281330
v -0.949584 1.126289 -2.328922
v -1.034959 0.953402 -2.364285
v -1.087533 0.765809 -2.386062
v -1.105285 0.570719 -2.393415
v -1.087533 0.375629 -2.386062
v -1.034959 0.188035 -2.364285
v -0.949584 0.015149 -2.328922
v -0.834688 -0.136388 -2.281330
v -0.694686 -0.260751 -2.223339
v -0.534960 -0.353161 -2.157178
v -0.361646 -0.410066 -2.085390
v -0.343618 1.551504 -2.119118
v -0.499596 1.494598 -2.223339
v -0.643346 1.402189 -2.319390
v -0.769344 1.277826 -2.403579
v -0.872748 1.126289 -2.472672
v -0.949584 0.953402 -2.524012
v -0.996899 0.765809 -2.555627
v -1.012875 0.570719 -2.566302
v -0.996899 0.375629 -2.555627
v -0.949584 0.188035 -2.524012
v -0.872748 0.015149 -2.472672
v -0.769344 -0.136388 -2.403579
v -0.643346 -0.260751 -2.319390
v -0.499596 -0.353161 -2.223339
v -0.343618 -0.410066 -2.119118
v -0.319356 1.551504 -2.148681
v -0.452004 1.494598 -2.281330
v -0.574253 1.402189 -2.403579
v -0.681406 1.277826 -2.510732
v -0.769344 1.126289 -2.598670
v -0.834688 0.953402 -2.664013
v -0.874926 0.765809 -2.704252
v -0.888512 0.570719 -2.717838
v -0.874926 0.375629 -2.704252
v -0.834688 0.188035 -2.664013
v -0.769344 0.015149 -2.598670
v -0.681406 -0.136388 -2.510732
v -0.574253 -0.260751 -2.403579
v -0.452004 -0.353161 -2.281330
v -0.319356 -0.410066 -2.148681
v -0.289793 1.551504 -2.172943
v -0.394014 1.494598 -2.328921
v -0.490064 1.402189 -2.472671
v -0.574254 1.277826 -2.598670
v -0.643346 1.126289 -2.702073
v -0.694686 0.953402 -2.778909
v -0.726301 0.765809 -2.826225
v -0.736976 0.570719 -2.842201
v -0.726301 0.375629 -2.826225
v -0.694686 0.188035 -2.778909
v -0.643346 0.015149 -2.702073
v -0.574254 -0.136388 -2.598670
v -0.490064 -0.260751 -2.472671
v -0.394014 -0.353161 -2.328921
v -0.289793 -0.410066 -2.172943
v -0.256064 1.551504 -2.190972
v -0.327853 1.494598 -2.364285
v -0.394014 1.402189 -2.524011
v -0.452004 1.277826 -2.664013
v -0.499596 1.126289 -2.778909
v -0.534960 0.953402 -2.864285
v -0.556736 0.765809 -2.916859
v -0.564089 0.570719 -2.934611
v -0.556736 0.375629 -2.916859
v -0.534960 0.188035 -2.864285
v -0.499596 0.015149 -2.778909
v -0.452004 -0.136388 -2.664013
v -0.394014 -0.260751 -2.524011
v -0.327853 -0.353161 -2.364285
v -0.256064 -0.410066 -2.190972
v -0.219467 1.551504 -2.202073
v -0.256064 1.494598 -2.386062
v -0.289793 1.402189 -2.555626
v -0.319356 1.277826 -2.704252
v -0.343618 1.126289 -2.826225
v -0.361646 0.953402 -2.916859
v -0.372748 0.765809 -2.972671
v -0.376496 0.570719 -2.991516
v -0.372748 0.375629 -2.972671
v -0.361646 0.188035 -2.916859
v -0.343618 0.015149 -2.826225
v -0.319356 -0.136388 -2.704252
v -0.289793 -0.260751 -2.555626
v -0.256064 -0.353161 -2.386062
v -0.219467 -0.410066 -2.202073
v -0.181406 1.551504 -2.205822
v -0.181406 1.494598 -2.393415
v -0.181406 1.277826 -2.717839
v -0.181406 0.953402 -2.934611
v -0.181406 0.188035 -2.934611
v -0.181406 -0.136388 -2.717839
v -0.181406 -0.260751 -2.566301
v -0.181406 -0.353161 -2.393415
v -0.181406 -0.410066 -2.205822
v -0.251735 1.078220 -1.660797
v -0.251735 4.830480 -1.660797
v -0.130696 1.078220 -1.648875
v -0.130696 4.830480 -1.648875
v -0.014308 1.078220 -1.613569
v -0.014308 4.830480 -1.613569
v 0.092956 1.078220 -1.556236
v 0.092956 4.830480 -1.556236
v 0.186974 1.078220 -1.479078
v 0.186974 4.830480 -1.479078
v 0.264132 1.078220 -1.385060
v 0.264132 4.830480 -1.385060
v 0.321465 1.078220 -1.277796
v 0.321465 4.830480 -1.277796
v 0.356771 1.078220 -1.161408
v 0.356771 4.830480 -1.161408
v 0.368693 1.078220 -1.040369
v 0.368693 4.830480 -1.040369
v 0.356771 1.078220 -0.919329
v 0.356771 4.830480 -0.919329
v 0.321465 1.078220 -0.802941
v 0.321465 4.830480 -0.802941
v 0.264132 1.078220 -0.695678
v 0.264132 4.830480 -0.695678
v 0.186974 1.078220 -0.601660
v 0.186974 4.830480 -0.601660
v 0.092956 1.078220 -0.524502
v 0.092956 4.830480 -0.524502
v -0.014308 1.078220 -0.467168
v -0.014308 4.830480 -0.467168
v -0.130696 1.078220 -0.431862
v -0.130696 4.830480 -0.431862
v -0.251735 1.078220 -0.419941
v -0.251735 4.830480 -0.419941
v -0.372775 1.078220 -0.431862
v -0.372775 4.830480 -0.431862
v -0.489163 1.078220 -0.467168
v -0.489163 4.830480 -0.467168
v -0.596426 1.078220 -0.524502
v -0.596426 4.830480 -0.524502
v -0.690444 1.078220 -0.601660
v -0.690444 4.830480 -0.601660
v -0.767602 1.078220 -0.695678
v -0.767602 4.830480 -0.695678
v -0.824936 1.078220 -0.802941
v -0.824936 4.830480 -0.802941
v -0.860242 1.078220 -0.919329
v -0.860242 4.830480 -0.919329
v -0.872163 1.078220 -1.040369
v -0.872163 4.830480 -1.040369
v -0.860242 1.078220 -1.161408
v -0.860242 4.830480 -1.161408
v -0.824936 1.078220 -1.277796
v -0.824936 4.830480 -1.277796
v -0.767602 1.078220 -1.385060
v -0.767602 4.830480 -1.385060
v -0.690444 1.078220 -1.479078
v -0.690444 4.830480 -1.479078
v -0.596426 1.078220 -1.556236
v -0.596426 4.830480 -1.556236
v -0.489163 1.078220 -1.613569
v -0.489163 4.830480 -1.613569
v -0.372775 1.078220 -1.648875
v -0.372775 4.830480 -1.648875
vn -0.0000 -0.3805 -0.9248
vn -0.0000 -0.1939 -0.9810
vn 0.1914 -0.1939 -0.9622
vn 0.1804 -0.3805 -0.9070
vn -0.0000 0.8286 -0.5598
vn -0.0000 0.9217 -0.3879
vn 0.0757 0.9217 -0.3804
vn 0.1092 0.8286 -0.5490
vn -0.0000 -0.5528 -0.8333
vn 0.1626 -0.5528 -0.8173
vn -0.0000 0.7041 -0.7101
vn 0.1385 0.7041 -0.6965
vn -0.0000 -0.7041 -0.7101
vn 0.1385 -0.7041 -0.6965
vn -0.0000 0.5528 -0.8333
vn 0.1626 0.5528 -0.8173
vn -0.0000 -0.8286 -0.5598
vn 0.1092 -0.8286 -0.5490
vn -0.0000 0.3805 -0.9248
vn 0.1804 0.3805 -0.9070
vn -0.0000 -0.9217 -0.3879
vn 0.0757 -0.9217 -0.3804
vn -0.0000 0.1939 -0.9810
vn 0.1914 0.1939 -0.9622
vn -0.0000 -0.9796 -0.2010
vn 0.0392 -0.9796 -0.1971
vn -0.0000 -0.0000 -1.0000
vn 0.1951 -0.0000 -0.9808
vn -0.0000 0.9796 -0.2010
vn -0.0000 1.0000 -0.0000
vn 0.0392 0.9796 -0.1971
vn -0.0000 -1.0000 -0.0000
vn 0.0769 0.9796 -0.1857
vn 0.0769 -0.9796 -0.1857
vn 0.3827 -0.0000 -0.9239
vn 0.3754 -0.1939 -0.9063
vn 0.1484 0.9217 -0.3584
vn 0.3539 -0.3805 -0.8544
vn 0.2142 0.8286 -0.5172
vn 0.3189 -0.5528 -0.7699
vn 0.2718 0.7041 -0.6561
vn 0.2718 -0.7041 -0.6561
vn 0.3189 0.5528 -0.7699
vn 0.2142 -0.8286 -0.5172
vn 0.3539 0.3805 -0.8544
vn 0.1484 -0.9217 -0.3584
vn 0.3754 0.1939 -0.9063
vn 0.3945 0.7041 -0.5905
vn 0.4630 0.5528 -0.6929
vn 0.3945 -0.7041 -0.5905
vn 0.3110 -0.8286 -0.4654
vn 0.5138 0.3805 -0.7689
vn 0.2155 -0.9217 -0.3225
vn 0.5450 0.1939 -0.8157
vn 0.1117 -0.9796 -0.1671
vn 0.5556 -0.0000 -0.8315
vn 0.1117 0.9796 -0.1671
vn 0.5450 -0.1939 -0.8157
vn 0.2155 0.9217 -0.3225
vn 0.5138 -0.3805 -0.7689
vn 0.3110 0.8286 -0.4654
vn 0.4630 -0.5528 -0.6929
vn 0.7071 -0.0000 -0.7071
vn 0.6937 -0.1939 -0.6937
vn 0.1421 0.9796 -0.1421
vn 0.2743 0.9217 -0.2743
vn 0.6539 -0.3805 -0.6539
vn 0.3958 0.8286 -0.3958
vn 0.5893 -0.5528 -0.5893
vn 0.5021 0.7041 -0.5021
vn 0.5021 -0.7041 -0.5021
vn 0.5893 0.5528 -0.5893
vn 0.3958 -0.8286 -0.3958
vn 0.6539 0.3805 -0.6539
vn 0.2743 -0.9217 -0.2743
vn 0.6937 0.1939 -0.6937
vn 0.1421 -0.9796 -0.1421
vn 0.5905 -0.7041 -0.3945
vn 0.4654 -0.8286 -0.3110
vn 0.6929 0.5528 -0.4630
vn 0.7689 0.3805 -0.5138
vn 0.3225 -0.9217 -0.2155
vn 0.8157 0.1939 -0.5450
vn 0.1671 -0.9796 -0.1117
vn 0.8315 -0.0000 -0.5556
vn 0.1671 0.9796 -0.1117
vn 0.8157 -0.1939 -0.5450
vn 0.3225 0.9217 -0.2155
vn 0.7689 -0.3805 -0.5138
vn 0.4654 0.8286 -0.3110
vn 0.6929 -0.5528 -0.4630
vn 0.5905 0.7041 -0.3945
vn 0.9063 -0.1939 -0.3754
vn 0.8544 -0.3805 -0.3539
vn 0.3584 0.9217 -0.1484
vn 0.5172 0.8286 -0.2142
vn 0.7699 -0.5528 -0.3189
vn 0.6561 0.7041 -0.2718
vn 0.6561 -0.7041 -0.2718
vn 0.7699 0.5528 -0.3189
vn 0.5172 -0.8286 -0.2142
vn 0.8544 0.3805 -0.3539
vn 0.3584 -0.9217 -0.1484
vn 0.9063 0.1939 -0.3754
vn 0.1857 -0.9796 -0.0769
vn 0.9239 -0.0000 -0.3827
vn 0.1857 0.9796 -0.0769
vn 0.5490 -0.8286 -0.1092
vn 0.3804 -0.9217 -0.0757
vn 0.9070 0.3805 -0.1804
vn 0.9622 0.1939 -0.1914
vn 0.1971 -0.9796 -0.0392
vn 0.9808 -0.0000 -0.1951
vn 0.1971 0.9796 -0.0392
vn 0.9622 -0.1939 -0.1914
vn 0.3804 0.9217 -0.0757
vn 0.9070 -0.3805 -0.1804
vn 0.5490 0.8286 -0.1092
vn 0.8173 -0.5528 -0.1626
vn 0.6965 0.7041 -0.1385
vn 0.6965 -0.7041 -0.1385
vn 0.8173 0.5528 -0.1626
vn 0.3879 0.9217 -0.0000
vn 0.5598 0.8286 -0.0000
vn 0.9248 -0.3805 -0.0000
vn 0.8333 -0.5528 -0.0000
vn 0.7101 0.7041 -0.0000
vn 0.7101 -0.7041 -0.0000
vn 0.8333 0.5528 -0.0000
vn 0.5598 -0.8286 -0.0000
vn 0.9248 0.3805 -0.0000
vn 0.3879 -0.9217 -0.0000
vn 0.9810 0.1939 -0.0000
vn 0.2010 -0.9796 -0.0000
vn 1.0000 -0.0000 -0.0000
vn 0.2010 0.9796 -0.0000
vn 0.9810 -0.1939 -0.0000
vn 0.9070 0.3805 0.1804
vn 0.9622 0.1939 0.1914
vn 0.3804 -0.9217 0.0757
vn 0.1971 -0.9796 0.0392
vn 0.9808 -0.0000 0.1951
vn 0.1971 0.9796 0.0392
vn 0.9622 -0.1939 0.1914
vn 0.3804 0.9217 0.0757
vn 0.9070 -0.3805 0.1804
vn 0.5490 0.8286 0.1092
vn 0.8173 -0.5528 0.1626
vn 0.6965 0.7041 0.1385
vn 0.6965 -0.7041 0.1385
vn 0.8173 0.5528 0.1626
vn 0.5490 -0.8286 0.1092
vn 0.8544 -0.3805 0.3539
vn 0.7699 -0.5528 0.3189
vn 0.5172 0.8286 0.2142
vn 0.6561 0.7041 0.2718
vn 0.6561 -0.7041 0.2718
vn 0.7699 0.5528 0.3189
vn 0.5172 -0.8286 0.2142
vn 0.8544 0.3805 0.3539
vn 0.3584 -0.9217 0.1484
vn 0.9063 0.1939 0.3754
vn 0.1857 -0.9796 0.0769
vn 0.9239 -0.0000 0.3827
vn 0.1857 0.9796 0.0769
vn 0.9063 -0.1939 0.3754
vn 0.3584 0.9217 0.1484
vn 0.3225 -0.9217 0.2155
vn 0.1671 -0.9796 0.1117
vn 0.8157 0.1939 0.5450
vn 0.8315 -0.0000 0.5556
vn 0.1671 0.9796 0.1117
vn 0.8157 -0.1939 0.5450
vn 0.3225 0.9217 0.2155
vn 0.7689 -0.3805 0.5138
vn 0.4654 0.8286 0.3110
vn 0.6929 -0.5528 0.4630
vn 0.5905 0.7041 0.3945
vn 0.5905 -0.7041 0.3945
vn 0.6929 0.5528 0.4630
vn 0.4654 -0.8286 0.3110
vn 0.7689 0.3805 0.5138
vn 0.3958 0.8286 0.3958
vn 0.5021 0.7041 0.5021
vn 0.5893 -0.5528 0.5893
vn 0.5021 -0.7041 0.5021
vn 0.5893 0.5528 0.5893
vn 0.3958 -0.8286 0.3958
vn 0.6539 0.3805 0.6539
vn 0.2743 -0.9217 0.2743
vn 0.6937 0.1939 0.6937
vn 0.1421 -0.9796 0.1421
vn 0.7071 -0.0000 0.7071
vn 0.1421 0.9796 0.1421
vn 0.6937 -0.1939 0.6937
vn 0.2743 0.9217 0.2743
vn 0.6539 -0.3805 0.6539
vn 0.5450 0.1939 0.8157
vn 0.5556 -0.0000 0.8315
vn 0.1117 0.9796 0.1671
vn 0.1117 -0.9796 0.1671
vn 0.5450 -0.1939 0.8157
vn 0.2155 0.9217 0.3225
vn 0.5138 -0.3805 0.7689
vn 0.3110 0.8286 0.4654
vn 0.4630 -0.5528 0.6929
vn 0.3945 0.7041 0.5905
vn 0.3945 -0.7041 0.5905
vn 0.4630 0.5528 0.6929
vn 0.3110 -0.8286 0.4654
vn 0.5138 0.3805 0.7689
vn 0.2155 -0.9217 0.3225
vn 0.3189 -0.5528 0.7699
vn 0.2718 -0.7041 0.6561
vn 0.2718 0.7041 0.6561
vn 0.3189 0.5528 0.7699
vn 0.2142 -0.8286 0.5172
vn 0.3539 0.3805 0.8544
vn 0.1484 -0.9217 0.3584
vn 0.3754 0.1939 0.9063
vn 0.0769 -0.9796 0.1857
vn 0.3827 -0.0000 0.9239
vn 0.0769 0.9796 0.1857
vn 0.3754 -0.1939 0.9063
vn 0.1484 0.9217 0.3584
vn 0.3539 -0.3805 0.8544
vn 0.2142 0.8286 0.5172
vn 0.0392 -0.9796 0.1971
vn 0.1951 -0.0000 0.9808
vn 0.1914 -0.1939 0.9622
vn 0.0392 0.9796 0.1971
vn 0.0757 0.9217 0.3804
vn 0.1804 -0.3805 0.9070
vn 0.1092 0.8286 0.5490
vn 0.1626 -0.5528 0.8173
vn 0.1385 0.7041 0.6965
vn 0.1385 -0.7041 0.6965
vn 0.1626 0.5528 0.8173
vn 0.1092 -0.8286 0.5490
vn 0.1804 0.3805 0.9070
vn 0.0757 -0.9217 0.3804
vn 0.1914 0.1939 0.9622
vn -0.0000 -0.7041 0.7101
vn -0.0000 -0.8286 0.5598
vn -0.0000 0.5528 0.8333
vn -0.0000 0.3805 0.9248
vn -0.0000 -0.9217 0.3879
vn -0.0000 0.1939 0.9810
vn -0.0000 -0.9796 0.2010
vn -0.0000 -0.0000 1.0000
vn -0.0000 0.9796 0.2010
vn -0.0000 -0.1939 0.9810
vn -0.0000 0.9217 0.3879
vn -0.0000 -0.3805 0.9248
vn -0.0000 0.8286 0.5598
vn -0.0000 -0.5528 0.8333
vn -0.0000 0.7041 0.7101
vn -0.0392 0.9796 0.1971
vn -0.0757 0.9217 0.3804
vn -0.1914 -0.1939 0.9622
vn -0.1804 -0.3805 0.9070
vn -0.1092 0.8286 0.5490
vn -0.1626 -0.5528 0.8173
vn -0.1385 0.7041 0.6965
vn -0.1385 -0.7041 0.6965
vn -0.1626 0.5528 0.8173
vn -0.1092 -0.8286 0.5490
vn -0.1804 0.3805 0.9070
vn -0.0757 -0.9217 0.3804
vn -0.1914 0.1939 0.9622
vn -0.0392 -0.9796 0.1971
vn -0.1951 -0.0000 0.9808
vn -0.3189 0.5528 0.7699
vn -0.3539 0.3805 0.8544
vn -0.2142 -0.8286 0.5172
vn -0.1484 -0.9217 0.3584
vn -0.3754 0.1939 0.9063
vn -0.0769 -0.9796 0.1857
vn -0.3827 -0.0000 0.9239
vn -0.0769 0.9796 0.1857
vn -0.3754 -0.1939 0.9063
vn -0.1484 0.9217 0.3584
vn -0.3539 -0.3805 0.8544
vn -0.2142 0.8286 0.5172
vn -0.3189 -0.5528 0.7699
vn -0.2718 0.7041 0.6561
vn -0.2718 -0.7041 0.6561
vn -0.5450 -0.1939 0.8157
vn -0.5138 -0.3805 0.7689
vn -0.2155 0.9217 0.3225
vn -0.3110 0.8286 0.4654
vn -0.4630 -0.5528 0.6929
vn -0.3945 0.7041 0.5905
vn -0.3945 -0.7041 0.5905
vn -0.4630 0.5528 0.6929
vn -0.3110 -0.8286 0.4654
vn -0.5138 0.3805 0.7689
vn -0.2155 -0.9217 0.3225
vn -0.5450 0.1939 0.8157
vn -0.1117 -0.9796 0.1671
vn -0.5556 -0.0000 0.8315
vn -0.1117 0.9796 0.1671
vn -0.3958 -0.8286 0.3958
vn -0.2743 -0.9217 0.2743
vn -0.6539 0.3805 0.6539
vn -0.6937 0.1939 0.6937
vn -0.1421 -0.9796 0.1421
vn -0.7071 -0.0000 0.7071
vn -0.1421 0.9796 0.1421
vn -0.6937 -0.1939 0.6937
vn -0.2743 0.9217 0.2743
vn -0.6539 -0.3805 0.6539
vn -0.3958 0.8286 0.3958
vn -0.5893 -0.5528 0.5893
vn -0.5021 0.7041 0.5021
vn -0.5021 -0.7041 0.5021
vn -0.5893 0.5528 0.5893
vn -0.3225 0.9217 0.2155
vn -0.4654 0.8286 0.3110
vn -0.7689 -0.3805 0.5138
vn -0.6929 -0.5528 0.4630
vn -0.5905 0.7041 0.3945
vn -0.5905 -0.7041 0.3945
vn -0.6929 0.5528 0.4630
vn -0.4654 -0.8286 0.3110
vn -0.7689 0.3805 0.5138
vn -0.3225 -0.9217 0.2155
vn -0.8157 0.1939 0.5450
vn -0.1671 -0.9796 0.1117
vn -0.8315 -0.0000 0.5556
vn -0.1671 0.9796 0.1117
vn -0.8157 -0.1939 0.5450
vn -0.8544 0.3805 0.3539
vn -0.9063 0.1939 0.3754
vn -0.3584 -0.9217 0.1484
vn -0.1857 -0.9796 0.0769
vn -0.9239 -0.0000 0.3827
vn -0.1857 0.9796 0.0769
vn -0.9063 -0.1939 0.3754
vn -0.3584 0.9217 0.1484
vn -0.8544 -0.3805 0.3539
vn -0.5172 0.8286 0.2142
vn -0.7699 -0.5528 0.3189
vn -0.6561 0.7041 0.2718
vn -0.6561 -0.7041 0.2718
vn -0.7699 0.5528 0.3189
vn -0.5172 -0.8286 0.2142
vn -0.9070 -0.3805 0.1804
vn -0.8173 -0.5528 0.1626
vn -0.5490 0.8286 0.1092
vn -0.6965 0.7041 0.1385
vn -0.6965 -0.7041 0.1385
vn -0.8173 0.5528 0.1626
vn -0.5490 -0.8286 0.1092
vn -0.9070 0.3805 0.1804
vn -0.3804 -0.9217 0.0757
vn -0.9622 0.1939 0.1914
vn -0.1971 -0.9796 0.0392
vn -0.9808 -0.0000 0.1951
vn -0.1971 0.9796 0.0392
vn -0.9622 -0.1939 0.1914
vn -0.3804 0.9217 0.0757
vn -0.3879 -0.9217 -0.0000
vn -0.2010 -0.9796 -0.0000
vn -0.9810 0.1939 -0.0000
vn -1.0000 -0.0000 -0.0000
vn -0.2010 0.9796 -0.0000
vn -0.9810 -0.1939 -0.0000
vn -0.3879 0.9217 -0.0000
vn -0.9248 -0.3805 -0.0000
vn -0.5598 0.8286 -0.0000
vn -0.8333 -0.5528 -0.0000
vn -0.7101 0.7041 -0.0000
vn -0.7101 -0.7041 -0.0000
vn -0.8333 0.5528 -0.0000
vn -0.5598 -0.8286 -0.0000
vn -0.9248 0.3805 -0.0000
vn -0.8173 -0.5528 -0.1626
vn -0.6965 -0.7041 -0.1385
vn -0.6965 0.7041 -0.1385
vn -0.8173 0.5528 -0.1626
vn -0.5490 -0.8286 -0.1092
vn -0.9070 0.3805 -0.1804
vn -0.3804 -0.9217 -0.0757
vn -0.9622 0.1939 -0.1914
vn -0.1971 -0.9796 -0.0392
vn -0.9808 -0.0000 -0.1951
vn -0.1971 0.9796 -0.0392
vn -0.9622 -0.1939 -0.1914
vn -0.3804 0.9217 -0.0757
vn -0.9070 -0.3805 -0.1804
vn -0.5490 0.8286 -0.1092
vn -0.1857 0.9796 -0.0769
vn -0.1857 -0.9796 -0.0769
vn -0.9239 -0.0000 -0.3827
vn -0.9063 -0.1939 -0.3754
vn -0.3584 0.9217 -0.1484
vn -0.8544 -0.3805 -0.3539
vn -0.5172 0.8286 -0.2142
vn -0.7699 -0.5528 -0.3189
vn -0.6561 0.7041 -0.2718
vn -0.6561 -0.7041 -0.2718
vn -0.7699 0.5528 -0.3189
vn -0.5172 -0.8286 -0.2142
vn -0.8544 0.3805 -0.3539
vn -0.3584 -0.9217 -0.1484
vn -0.9063 0.1939 -0.3754
vn -0.5905 0.7041 -0.3945
vn -0.6929 0.5528 -0.4630
vn -0.5905 -0.7041 -0.3945
vn -0.4654 -0.8286 -0.3110
vn -0.7689 0.3805 -0.5138
vn -0.3225 -0.9217 -0.2155
vn -0.8157 0.1939 -0.5450
vn -0.1671 -0.9796 -0.1117
vn -0.8315 -0.0000 -0.5556
vn -0.1671 0.9796 -0.1117
vn -0.8157 -0.1939 -0.5450
vn -0.3225 0.9217 -0.2155
vn -0.7689 -0.3805 -0.5138
vn -0.4654 0.8286 -0.3110
vn -0.6929 -0.5528 -0.4630
vn -0.7071 -0.0000 -0.7071
vn -0.6937 -0.1939 -0.6937
vn -0.1421 0.9796 -0.1421
vn -0.2743 0.9217 -0.2743
vn -0.6539 -0.3805 -0.6539
vn -0.3958 0.8286 -0.3958
vn -0.5893 -0.5528 -0.5893
vn -0.5021 0.7041 -0.5021
vn -0.5021 -0.7041 -0.5021
vn -0.5893 0.5528 -0.5893
vn -0.3958 -0.8286 -0.3958
vn -0.6539 0.3805 -0.6539
vn -0.2743 -0.9217 -0.2743
vn -0.6937 0.1939 -0.6937
vn -0.1421 -0.9796 -0.1421
vn -0.3945 -0.7041 -0.5905
vn -0.3110 -0.8286 -0.4654
vn -0.4630 0.5528 -0.6929
vn -0.5138 0.3805 -0.7689
vn -0.2155 -0.9217 -0.3225
vn -0.5450 0.1939 -0.8157
vn -0.1117 -0.9796 -0.1671
vn -0.5556 -0.0000 -0.8315
vn -0.1117 0.9796 -0.1671
vn -0.5450 -0.1939 -0.8157
vn -0.2155 0.9217 -0.3225
vn -0.5138 -0.3805 -0.7689
vn -0.3110 0.8286 -0.4654
vn -0.4630 -0.5528 -0.6929
vn -0.3945 0.7041 -0.5905
vn -0.0769 0.9796 -0.1857
vn -0.1484 0.9217 -0.3584
vn -0.3754 -0.1939 -0.9063
vn -0.3539 -0.3805 -0.8544
vn -0.2142 0.8286 -0.5172
vn -0.3189 -0.5528 -0.7699
vn -0.2718 0.7041 -0.6561
vn -0.2718 -0.7041 -0.6561
vn -0.3189 0.5528 -0.7699
vn -0.2142 -0.8286 -0.5172
vn -0.3539 0.3805 -0.8544
vn -0.1484 -0.9217 -0.3584
vn -0.3754 0.1939 -0.9063
vn -0.0769 -0.9796 -0.1857
vn -0.3827 -0.0000 -0.9239
vn -0.1626 0.5528 -0.8173
vn -0.1804 0.3805 -0.9070
vn -0.1092 -0.8286 -0.5490
vn -0.0757 -0.9217 -0.3804
vn -0.1914 0.1939 -0.9622
vn -0.0392 -0.9796 -0.1971
vn -0.1951 -0.0000 -0.9808
vn -0.0392 0.9796 -0.1971
vn -0.1914 -0.1939 -0.9622
vn -0.0757 0.9217 -0.3804
vn -0.1804 -0.3805 -0.9070
vn -0.1092 0.8286 -0.5490
vn -0.1626 -0.5528 -0.8173
vn -0.1385 0.7041 -0.6965
vn -0.1385 -0.7041 -0.6965
vt 0.750000 0.375000
vt 0.750000 0.437500
vt 0.718750 0.437500
vt 0.718750 0.375000
vt 0.750000 0.812500
vt 0.750000 0.875000
vt 0.718750 0.875000
vt 0.718750 0.812500
vt 0.750000 0.312500
vt 0.718750 0.312500
vt 0.750000 0.750000
vt 0.718750 0.750000
vt 0.750000 0.250000
vt 0.718750 0.250000
vt 0.750000 0.687500
vt 0.718750 0.687500
vt 0.750000 0.187500
vt 0.718750 0.187500
vt 0.750000 0.625000
vt 0.718750 0.625000
vt 0.750000 0.125000
vt 0.718750 0.125000
vt 0.750000 0.562500
vt 0.718750 0.562500
vt 0.750000 0.062500
vt 0.718750 0.062500
vt 0.750000 0.500000
vt 0.718750 0.500000
vt 0.750000 0.937500
vt 0.734375 1.000000
vt 0.718750 0.937500
vt 0.734375 0.000000
vt 0.703125 1.000000
vt 0.687500 0.937500
vt 0.703125 0.000000
vt 0.687500 0.062500
vt 0.687500 0.500000
vt 0.687500 0.437500
vt 0.687500 0.875000
vt 0.687500 0.375000
vt 0.687500 0.812500
vt 0.687500 0.312500
vt 0.687500 0.750000
vt 0.687500 0.250000
vt 0.687500 0.687500
vt 0.687500 0.187500
vt 0.687500 0.625000
vt 0.687500 0.125000
vt 0.687500 0.562500
vt 0.656250 0.750000
vt 0.656250 0.687500
vt 0.656250 0.250000
vt 0.656250 0.187500
vt 0.656250 0.625000
vt 0.656250 0.125000
vt 0.656250 0.562500
vt 0.656250 0.062500
vt 0.656250 0.500000
vt 0.671875 1.000000
vt 0.656250 0.937500
vt 0.671875 0.000000
vt 0.656250 0.437500
vt 0.656250 0.875000
vt 0.656250 0.375000
vt 0.656250 0.812500
vt 0.656250 0.312500
vt 0.625000 0.500000
vt 0.625000 0.437500
vt 0.625000 0.937500
vt 0.625000 0.875000
vt 0.625000 0.375000
vt 0.625000 0.812500
vt 0.625000 0.312500
vt 0.625000 0.750000
vt 0.625000 0.250000
vt 0.625000 0.687500
vt 0.625000 0.187500
vt 0.625000 0.625000
vt 0.625000 0.125000
vt 0.625000 0.562500
vt 0.625000 0.062500
vt 0.640625 1.000000
vt 0.640625 0.000000
vt 0.593750 0.250000
vt 0.593750 0.187500
vt 0.593750 0.687500
vt 0.593750 0.625000
vt 0.593750 0.125000
vt 0.593750 0.562500
vt 0.593750 0.062500
vt 0.593750 0.500000
vt 0.609375 1.000000
vt 0.593750 0.937500
vt 0.609375 0.000000
vt 0.593750 0.437500
vt 0.593750 0.875000
vt 0.593750 0.375000
vt 0.593750 0.812500
vt 0.593750 0.312500
vt 0.593750 0.750000
vt 0.562500 0.437500
vt 0.562500 0.375000
vt 0.562500 0.875000
vt 0.562500 0.812500
vt 0.562500 0.312500
vt 0.562500 0.750000
vt 0.562500 0.250000
vt 0.562500 0.687500
vt 0.562500 0.187500
vt 0.562500 0.625000
vt 0.562500 0.125000
vt 0.562500 0.562500
vt 0.562500 0.062500
vt 0.562500 0.500000
vt 0.578125 1.000000
vt 0.562500 0.937500
vt 0.578125 0.000000
vt 0.531250 0.187500
vt 0.531250 0.125000
vt 0.531250 0.625000
vt 0.531250 0.562500
vt 0.531250 0.062500
vt 0.531250 0.500000
vt 0.546875 1.000000
vt 0.531250 0.937500
vt 0.546875 0.000000
vt 0.531250 0.437500
vt 0.531250 0.875000
vt 0.531250 0.375000
vt 0.531250 0.812500
vt 0.531250 0.312500
vt 0.531250 0.750000
vt 0.531250 0.250000
vt 0.531250 0.687500
vt 0.500000 0.875000
vt 0.500000 0.812500
vt 0.500000 0.375000
vt 0.500000 0.312500
vt 0.500000 0.750000
vt 0.500000 0.250000
vt 0.500000 0.687500
vt 0.500000 0.187500
vt 0.500000 0.625000
vt 0.500000 0.125000
vt 0.500000 0.562500
vt 0.500000 0.062500
vt 0.500000 0.500000
vt 0.515625 1.000000
vt 0.500000 0.937500
vt 0.515625 0.000000
vt 0.500000 0.437500
vt 0.468750 0.625000
vt 0.468750 0.562500
vt 0.468750 0.125000
vt 0.468750 0.062500
vt 0.468750 0.500000
vt 0.484375 1.000000
vt 0.468750 0.937500
vt 0.484375 0.000000
vt 0.468750 0.437500
vt 0.468750 0.875000
vt 0.468750 0.375000
vt 0.468750 0.812500
vt 0.468750 0.312500
vt 0.468750 0.750000
vt 0.468750 0.250000
vt 0.468750 0.687500
vt 0.468750 0.187500
vt 0.437500 0.375000
vt 0.437500 0.312500
vt 0.437500 0.812500
vt 0.437500 0.750000
vt 0.437500 0.250000
vt 0.437500 0.687500
vt 0.437500 0.187500
vt 0.437500 0.625000
vt 0.437500 0.125000
vt 0.437500 0.562500
vt 0.437500 0.062500
vt 0.437500 0.500000
vt 0.453125 1.000000
vt 0.437500 0.937500
vt 0.453125 0.000000
vt 0.437500 0.437500
vt 0.437500 0.875000
vt 0.406250 0.125000
vt 0.406250 0.062500
vt 0.406250 0.562500
vt 0.406250 0.500000
vt 0.421875 1.000000
vt 0.406250 0.937500
vt 0.421875 0.000000
vt 0.406250 0.437500
vt 0.406250 0.875000
vt 0.406250 0.375000
vt 0.406250 0.812500
vt 0.406250 0.312500
vt 0.406250 0.750000
vt 0.406250 0.250000
vt 0.406250 0.687500
vt 0.406250 0.187500
vt 0.406250 0.625000
vt 0.375000 0.812500
vt 0.375000 0.750000
vt 0.375000 0.312500
vt 0.375000 0.250000
vt 0.375000 0.687500
vt 0.375000 0.187500
vt 0.375000 0.625000
vt 0.375000 0.125000
vt 0.375000 0.562500
vt 0.375000 0.062500
vt 0.375000 0.500000
vt 0.390625 1.000000
vt 0.375000 0.937500
vt 0.390625 0.000000
vt 0.375000 0.437500
vt 0.375000 0.875000
vt 0.375000 0.375000
vt 0.343750 0.562500
vt 0.343750 0.500000
vt 0.359375 1.000000
vt 0.343750 0.937500
vt 0.359375 0.000000
vt 0.343750 0.062500
vt 0.343750 0.437500
vt 0.343750 0.875000
vt 0.343750 0.375000
vt 0.343750 0.812500
vt 0.343750 0.312500
vt 0.343750 0.750000
vt 0.343750 0.250000
vt 0.343750 0.687500
vt 0.343750 0.187500
vt 0.343750 0.625000
vt 0.343750 0.125000
vt 0.312500 0.312500
vt 0.312500 0.250000
vt 0.312500 0.750000
vt 0.312500 0.687500
vt 0.312500 0.187500
vt 0.312500 0.625000
vt 0.312500 0.125000
vt 0.312500 0.562500
vt 0.312500 0.062500
vt 0.312500 0.500000
vt 0.328125 1.000000
vt 0.312500 0.937500
vt 0.328125 0.000000
vt 0.312500 0.437500
vt 0.312500 0.875000
vt 0.312500 0.375000
vt 0.312500 0.812500
vt 0.296875 0.000000
vt 0.281250 0.062500
vt 0.281250 0.500000
vt 0.281250 0.437500
vt 0.281250 0.937500
vt 0.281250 0.875000
vt 0.281250 0.375000
vt 0.281250 0.812500
vt 0.281250 0.312500
vt 0.281250 0.750000
vt 0.281250 0.250000
vt 0.281250 0.687500
vt 0.281250 0.187500
vt 0.281250 0.625000
vt 0.281250 0.125000
vt 0.281250 0.562500
vt 0.296875 1.000000
vt 0.250000 0.250000
vt 0.250000 0.187500
vt 0.250000 0.687500
vt 0.250000 0.625000
vt 0.250000 0.125000
vt 0.250000 0.562500
vt 0.250000 0.062500
vt 0.250000 0.500000
vt 0.265625 1.000000
vt 0.250000 0.937500
vt 0.265625 0.000000
vt 0.250000 0.437500
vt 0.250000 0.875000
vt 0.250000 0.375000
vt 0.250000 0.812500
vt 0.250000 0.312500
vt 0.250000 0.750000
vt 0.218750 0.937500
vt 0.218750 0.875000
vt 0.218750 0.437500
vt 0.218750 0.375000
vt 0.218750 0.812500
vt 0.218750 0.312500
vt 0.218750 0.750000
vt 0.218750 0.250000
vt 0.218750 0.687500
vt 0.218750 0.187500
vt 0.218750 0.625000
vt 0.218750 0.125000
vt 0.218750 0.562500
vt 0.218750 0.062500
vt 0.218750 0.500000
vt 0.234375 1.000000
vt 0.234375 0.000000
vt 0.187500 0.687500
vt 0.187500 0.625000
vt 0.187500 0.187500
vt 0.187500 0.125000
vt 0.187500 0.562500
vt 0.187500 0.062500
vt 0.187500 0.500000
vt 0.203125 1.000000
vt 0.187500 0.937500
vt 0.203125 0.000000
vt 0.187500 0.437500
vt 0.187500 0.875000
vt 0.187500 0.375000
vt 0.187500 0.812500
vt 0.187500 0.312500
vt 0.187500 0.750000
vt 0.187500 0.250000
vt 0.156250 0.437500
vt 0.156250 0.375000
vt 0.156250 0.875000
vt 0.156250 0.812500
vt 0.156250 0.312500
vt 0.156250 0.750000
vt 0.156250 0.250000
vt 0.156250 0.687500
vt 0.156250 0.187500
vt 0.156250 0.625000
vt 0.156250 0.125000
vt 0.156250 0.562500
vt 0.156250 0.062500
vt 0.156250 0.500000
vt 0.171875 1.000000
vt 0.156250 0.937500
vt 0.171875 0.000000
vt 0.125000 0.187500
vt 0.125000 0.125000
vt 0.125000 0.625000
vt 0.125000 0.562500
vt 0.125000 0.062500
vt 0.125000 0.500000
vt 0.140625 1.000000
vt 0.125000 0.937500
vt 0.140625 0.000000
vt 0.125000 0.437500
vt 0.125000 0.875000
vt 0.125000 0.375000
vt 0.125000 0.812500
vt 0.125000 0.312500
vt 0.125000 0.750000
vt 0.125000 0.250000
vt 0.125000 0.687500
vt 0.093750 0.875000
vt 0.093750 0.812500
vt 0.093750 0.375000
vt 0.093750 0.312500
vt 0.093750 0.750000
vt 0.093750 0.250000
vt 0.093750 0.687500
vt 0.093750 0.187500
vt 0.093750 0.625000
vt 0.093750 0.125000
vt 0.093750 0.562500
vt 0.093750 0.062500
vt 0.093750 0.500000
vt 0.109375 1.000000
vt 0.093750 0.937500
vt 0.109375 0.000000
vt 0.093750 0.437500
vt 0.062500 0.625000
vt 0.062500 0.562500
vt 0.062500 0.125000
vt 0.062500 0.062500
vt 0.062500 0.500000
vt 0.078125 1.000000
vt 0.062500 0.937500
vt 0.078125 0.000000
vt 0.062500 0.437500
vt 0.062500 0.875000
vt 0.062500 0.375000
vt 0.062500 0.812500
vt 0.062500 0.312500
vt 0.062500 0.750000
vt 0.062500 0.250000
vt 0.062500 0.687500
vt 0.062500 0.187500
vt 0.031250 0.375000
vt 0.031250 0.312500
vt 0.031250 0.812500
vt 0.031250 0.750000
vt 0.031250 0.250000
vt 0.031250 0.687500
vt 0.031250 0.187500
vt 0.031250 0.625000
vt 0.031250 0.125000
vt 0.031250 0.562500
vt 0.031250 0.062500
vt 0.031250 0.500000
vt 0.046875 1.000000
vt 0.031250 0.937500
vt 0.046875 0.000000
vt 0.031250 0.437500
vt 0.031250 0.875000
vt 0.000000 0.125000
vt 0.000000 0.062500
vt 0.000000 0.562500
vt 0.000000 0.500000
vt 0.015625 1.000000
vt 0.000000 0.937500
vt 0.015625 0.000000
vt 0.000000 0.437500
vt 0.000000 0.875000
vt 0.000000 0.375000
vt 0.000000 0.812500
vt 0.000000 0.312500
vt 0.000000 0.750000
vt 0.000000 0.250000
vt 0.000000 0.687500
vt 0.000000 0.187500
vt 0.000000 0.625000
vt 1.000000 0.250000
vt 1.000000 0.312500
vt 0.968750 0.312500
vt 0.968750 0.250000
vt 1.000000 0.687500
vt 1.000000 0.750000
vt 0.968750 0.750000
vt 0.968750 0.687500
vt 1.000000 0.187500
vt 0.968750 0.187500
vt 1.000000 0.625000
vt 0.968750 0.625000
vt 1.000000 0.125000
vt 0.968750 0.125000
vt 1.000000 0.562500
vt 0.968750 0.562500
vt 1.000000 0.062500
vt 0.968750 0.062500
vt 1.000000 0.500000
vt 0.968750 0.500000
vt 1.000000 0.937500
vt 0.984375 1.000000
vt 0.968750 0.937500
vt 0.984375 0.000000
vt 1.000000 0.437500
vt 0.968750 0.437500
vt 1.000000 0.875000
vt 0.968750 0.875000
vt 1.000000 0.375000
vt 0.968750 0.375000
vt 1.000000 0.812500
vt 0.968750 0.812500
vt 0.953125 1.000000
vt 0.937500 0.937500
vt 0.953125 0.000000
vt 0.937500 0.062500
vt 0.937500 0.500000
vt 0.937500 0.437500
vt 0.937500 0.875000
vt 0.937500 0.375000
vt 0.937500 0.812500
vt 0.937500 0.312500
vt 0.937500 0.750000
vt 0.937500 0.250000
vt 0.937500 0.687500
vt 0.937500 0.187500
vt 0.937500 0.625000
vt 0.937500 0.125000
vt 0.937500 0.562500
vt 0.906250 0.750000
vt 0.906250 0.687500
vt 0.906250 0.250000
vt 0.906250 0.187500
vt 0.906250 0.625000
vt 0.906250 0.125000
vt 0.906250 0.562500
vt 0.906250 0.062500
vt 0.906250 0.500000
vt 0.921875 1.000000
vt 0.906250 0.937500
vt 0.921875 0.000000
vt 0.906250 0.437500
vt 0.906250 0.875000
vt 0.906250 0.375000
vt 0.906250 0.812500
vt 0.906250 0.312500
vt 0.875000 0.500000
vt 0.875000 0.437500
vt 0.875000 0.937500
vt 0.875000 0.875000
vt 0.875000 0.375000
vt 0.875000 0.812500
vt 0.875000 0.312500
vt 0.875000 0.750000
vt 0.875000 0.250000
vt 0.875000 0.687500
vt 0.875000 0.187500
vt 0.875000 0.625000
vt 0.875000 0.125000
vt 0.875000 0.562500
vt 0.875000 0.062500
vt 0.890625 1.000000
vt 0.890625 0.000000
vt 0.843750 0.250000
vt 0.843750 0.187500
vt 0.843750 0.687500
vt 0.843750 0.625000
vt 0.843750 0.125000
vt 0.843750 0.562500
vt 0.843750 0.062500
vt 0.843750 0.500000
vt 0.859375 1.000000
vt 0.843750 0.937500
vt 0.859375 0.000000
vt 0.843750 0.437500
vt 0.843750 0.875000
vt 0.843750 0.375000
vt 0.843750 0.812500
vt 0.843750 0.312500
vt 0.843750 0.750000
vt 0.812500 0.937500
vt 0.812500 0.875000
vt 0.812500 0.437500
vt 0.812500 0.375000
vt 0.812500 0.812500
vt 0.812500 0.312500
vt 0.812500 0.750000
vt 0.812500 0.250000
vt 0.812500 0.687500
vt 0.812500 0.187500
vt 0.812500 0.625000
vt 0.812500 0.125000
vt 0.812500 0.562500
vt 0.812500 0.062500
vt 0.812500 0.500000
vt 0.828125 1.000000
vt 0.828125 0.000000
vt 0.781250 0.687500
vt 0.781250 0.625000
vt 0.781250 0.187500
vt 0.781250 0.125000
vt 0.781250 0.562500
vt 0.781250 0.062500
vt 0.781250 0.500000
vt 0.796875 1.000000
vt 0.781250 0.937500
vt 0.796875 0.000000
vt 0.781250 0.437500
vt 0.781250 0.875000
vt 0.781250 0.375000
vt 0.781250 0.812500
vt 0.781250 0.312500
vt 0.781250 0.750000
vt 0.781250 0.250000
vt 0.765625 1.000000
vt 0.765625 0.000000
vt 1.000000 1.000000
vt 0.968750 1.000000
vt 0.968750 0.500000
vt 0.937500 1.000000
vt 0.937500 0.500000
vt 0.906250 1.000000
vt 0.906250 0.500000
vt 0.875000 1.000000
vt 0.875000 0.500000
vt 0.843750 1.000000
vt 0.843750 0.500000
vt 0.812500 1.000000
vt 0.812500 0.500000
vt 0.781250 1.000000
vt 0.781250 0.500000
vt 0.750000 1.000000
vt 0.718750 1.000000
vt 0.687500 1.000000
vt 0.656250 1.000000
vt 0.625000 1.000000
vt 0.593750 1.000000
vt 0.562500 1.000000
vt 0.531250 1.000000
vt 0.500000 1.000000
vt 0.500000 0.500000
vt 0.468750 1.000000
vt 0.468750 0.500000
vt 0.437500 1.000000
vt 0.437500 0.500000
vt 0.406250 1.000000
vt 0.406250 0.500000
vt 0.375000 1.000000
vt 0.375000 0.500000
vt 0.343750 1.000000
vt 0.343750 0.500000
vt 0.312500 1.000000
vt 0.312500 0.500000
vt 0.281250 1.000000
vt 0.281250 0.500000
vt 0.250000 1.000000
vt 0.250000 0.500000
vt 0.218750 1.000000
vt 0.218750 0.500000
vt 0.187500 1.000000
vt 0.187500 0.500000
vt 0.156250 1.000000
vt 0.156250 0.500000
vt 0.125000 1.000000
vt 0.125000 0.500000
vt 0.093750 1.000000
vt 0.093750 0.500000
vt 0.062500 1.000000
vt 0.062500 0.500000
vt 0.296822 0.485388
vt 0.250000 0.490000
vt 0.203178 0.485388
vt 0.158156 0.471731
vt 0.116663 0.449553
vt 0.080294 0.419706
vt 0.050447 0.383337
vt 0.028269 0.341844
vt 0.014612 0.296822
vt 0.010000 0.250000
vt 0.014612 0.203178
vt 0.028269 0.158156
vt 0.050447 0.116663
vt 0.080294 0.080294
vt 0.116663 0.050447
vt 0.158156 0.028269
vt 0.203178 0.014612
vt 0.250000 0.010000
vt 0.296822 0.014612
vt 0.341844 0.028269
vt 0.383337 0.050447
vt 0.419706 0.080294
vt 0.449553 0.116663
vt 0.471731 0.158156
vt 0.485388 0.203178
vt 0.490000 0.250000
vt 0.485388 0.296822
vt 0.471731 0.341844
vt 0.449553 0.383337
vt 0.419706 0.419706
vt 0.383337 0.449553
vt 0.341844 0.471731
vt 0.031250 1.000000
vt 0.031250 0.500000
vt 0.000000 1.000000
vt 0.750000 0.490000
vt 0.796822 0.485388
vt 0.841844 0.471731
vt 0.883337 0.449553
vt 0.919706 0.419706
vt 0.949553 0.383337
vt 0.971731 0.341844
vt 0.985388 0.296822
vt 0.990000 0.250000
vt 0.985388 0.203178
vt 0.971731 0.158156
vt 0.949553 0.116663
vt 0.919706 0.080294
vt 0.883337 0.050447
vt 0.841844 0.028269
vt 0.796822 0.014612
vt 0.750000 0.010000
vt 0.703178 0.014612
vt 0.658156 0.028269
vt 0.616663 0.050447
vt 0.580294 0.080294
vt 0.550447 0.116663
vt 0.528269 0.158156
vt 0.514612 0.203178
vt 0.510000 0.250000
vt 0.514612 0.296822
vt 0.528269 0.341844
vt 0.550447 0.383337
vt 0.580294 0.419706
vt 0.616663 0.449553
vt 0.658156 0.471731
vt 0.703178 0.485388
s 1
usemtl Material
f 555/1/1 10/2/2 27/3/3 28/4/4
f 4/5/5 547/6/6 20/7/7 21/8/8
f 12/9/9 555/1/1 28/4/4 29/10/10
f 549/11/11 4/5/5 21/8/8 22/12/12
f 557/13/13 12/9/9 29/10/10 30/14/14
f 6/15/15 549/11/11 22/12/12 23/16/16
f 558/17/17 557/13/13 30/14/14 31/18/18
f 551/19/19 6/15/15 23/16/16 24/20/20
f 559/21/21 558/17/17 31/18/18 32/22/22
f 8/23/23 551/19/19 24/20/20 25/24/24
f 560/25/25 559/21/21 32/22/22 33/26/26
f 9/27/27 8/23/23 25/24/24 26/28/28
f 546/29/29 1/30/30 19/31/31
f 17/32/32 560/25/25 33/26/26
f 10/2/2 9/27/27 26/28/28 27/3/3
f 547/6/6 546/29/29 19/31/31 20/7/7
f 19/31/31 1/33/30 36/34/33
f 17/35/32 33/26/26 50/36/34
f 27/3/3 26/28/28 43/37/35 44/38/36
f 20/7/7 19/31/31 36/34/33 37/39/37
f 28/4/4 27/3/3 44/38/36 45/40/38
f 21/8/8 20/7/7 37/39/37 38/41/39
f 29/10/10 28/4/4 45/40/38 46/42/40
f 22/12/12 21/8/8 38/41/39 39/43/41
f 30/14/14 29/10/10 46/42/40 47/44/42
f 23/16/16 22/12/12 39/43/41 40/45/43
f 31/18/18 30/14/14 47/44/42 48/46/44
f 24/20/20 23/16/16 40/45/43 41/47/45
f 32/22/22 31/18/18 48/46/44 49/48/46
f 25/24/24 24/20/20 41/47/45 42/49/47
f 33/26/26 32/22/22 49/48/46 50/36/34
f 26/28/28 25/24/24 42/49/47 43/37/35
f 40/45/43 39/43/41 56/50/48 57/51/49
f 48/46/44 47/44/42 64/52/50 65/53/51
f 41/47/45 40/45/43 57/51/49 58/54/52
f 49/48/46 48/46/44 65/53/51 66/55/53
f 42/49/47 41/47/45 58/54/52 59/56/54
f 50/36/34 49/48/46 66/55/53 67/57/55
f 43/37/35 42/49/47 59/56/54 60/58/56
f 36/34/33 1/59/30 53/60/57
f 17/61/32 50/36/34 67/57/55
f 44/38/36 43/37/35 60/58/56 61/62/58
f 37/39/37 36/34/33 53/60/57 54/63/59
f 45/40/38 44/38/36 61/62/58 62/64/60
f 38/41/39 37/39/37 54/63/59 55/65/61
f 46/42/40 45/40/38 62/64/60 63/66/62
f 39/43/41 38/41/39 55/65/61 56/50/48
f 47/44/42 46/42/40 63/66/62 64/52/50
f 61/62/58 60/58/56 77/67/63 78/68/64
f 54/63/59 53/60/57 70/69/65 71/70/66
f 62/64/60 61/62/58 78/68/64 79/71/67
f 55/65/61 54/63/59 71/70/66 72/72/68
f 63/66/62 62/64/60 79/71/67 80/73/69
f 56/50/48 55/65/61 72/72/68 73/74/70
f 64/52/50 63/66/62 80/73/69 81/75/71
f 57/51/49 56/50/48 73/74/70 74/76/72
f 65/53/51 64/52/50 81/75/71 82/77/73
f 58/54/52 57/51/49 74/76/72 75/78/74
f 66/55/53 65/53/51 82/77/73 83/79/75
f 59/56/54 58/54/52 75/78/74 76/80/76
f 67/57/55 66/55/53 83/79/75 84/81/77
f 60/58/56 59/56/54 76/80/76 77/67/63
f 53/60/57 1/82/30 70/69/65
f 17/83/32 67/57/55 84/81/77
f 82/77/73 81/75/71 98/84/78 99/85/79
f 75/78/74 74/76/72 91/86/80 92/87/81
f 83/79/75 82/77/73 99/85/79 100/88/82
f 76/80/76 75/78/74 92/87/81 93/89/83
f 84/81/77 83/79/75 100/88/82 101/90/84
f 77/67/63 76/80/76 93/89/83 94/91/85
f 70/69/65 1/92/30 87/93/86
f 17/94/32 84/81/77 101/90/84
f 78/68/64 77/67/63 94/91/85 95/95/87
f 71/70/66 70/69/65 87/93/86 88/96/88
f 79/71/67 78/68/64 95/95/87 96/97/89
f 72/72/68 71/70/66 88/96/88 89/98/90
f 80/73/69 79/71/67 96/97/89 97/99/91
f 73/74/70 72/72/68 89/98/90 90/100/92
f 81/75/71 80/73/69 97/99/91 98/84/78
f 74/76/72 73/74/70 90/100/92 91/86/80
f 96/97/89 95/95/87 112/101/93 113/102/94
f 89/98/90 88/96/88 105/103/95 106/104/96
f 97/99/91 96/97/89 113/102/94 114/105/97
f 90/100/92 89/98/90 106/104/96 107/106/98
f 98/84/78 97/99/91 114/105/97 115/107/99
f 91/86/80 90/100/92 107/106/98 108/108/100
f 99/85/79 98/84/78 115/107/99 116/109/101
f 92/87/81 91/86/80 108/108/100 109/110/102
f 100/88/82 99/85/79 116/109/101 117/111/103
f 93/89/83 92/87/81 109/110/102 110/112/104
f 101/90/84 100/88/82 117/111/103 118/113/105
f 94/91/85 93/89/83 110/112/104 111/114/106
f 87/93/86 1/115/30 104/116/107
f 17/117/32 101/90/84 118/113/105
f 95/95/87 94/91/85 111/114/106 112/101/93
f 88/96/88 87/93/86 104/116/107 105/103/95
f 117/111/103 116/109/101 133/118/108 134/119/109
f 110/112/104 109/110/102 126/120/110 127/121/111
f 118/113/105 117/111/103 134/119/109 135/122/112
f 111/114/106 110/112/104 127/121/111 128/123/113
f 104/116/107 1/124/30 121/125/114
f 17/126/32 118/113/105 135/122/112
f 112/101/93 111/114/106 128/123/113 129/127/115
f 105/103/95 104/116/107 121/125/114 122/128/116
f 113/102/94 112/101/93 129/127/115 130/129/117
f 106/104/96 105/103/95 122/128/116 123/130/118
f 114/105/97 113/102/94 130/129/117 131/131/119
f 107/106/98 106/104/96 123/130/118 124/132/120
f 115/107/99 114/105/97 131/131/119 132/133/121
f 108/108/100 107/106/98 124/132/120 125/134/122
f 116/109/101 115/107/99 132/133/121 133/118/108
f 109/110/102 108/108/100 125/134/122 126/120/110
f 123/130/118 122/128/116 139/135/123 140/136/124
f 131/131/119 130/129/117 147/137/125 148/138/126
f 124/132/120 123/130/118 140/136/124 141/139/127
f 132/133/121 131/131/119 148/138/126 149/140/128
f 125/134/122 124/132/120 141/139/127 142/141/129
f 133/118/108 132/133/121 149/140/128 150/142/130
f 126/120/110 125/134/122 142/141/129 143/143/131
f 134/119/109 133/118/108 150/142/130 151/144/132
f 127/121/111 126/120/110 143/143/131 144/145/133
f 135/122/112 134/119/109 151/144/132 152/146/134
f 128/123/113 127/121/111 144/145/133 145/147/135
f 121/125/114 1/148/30 138/149/136
f 17/150/32 135/122/112 152/146/134
f 129/127/115 128/123/113 145/147/135 146/151/137
f 122/128/116 121/125/114 138/149/136 139/135/123
f 130/129/117 129/127/115 146/151/137 147/137/125
f 144/145/133 143/143/131 160/152/138 161/153/139
f 152/146/134 151/144/132 168/154/140 169/155/141
f 145/147/135 144/145/133 161/153/139 162/156/142
f 138/149/136 1/157/30 155/158/143
f 17/159/32 152/146/134 169/155/141
f 146/151/137 145/147/135 162/156/142 163/160/144
f 139/135/123 138/149/136 155/158/143 156/161/145
f 147/137/125 146/151/137 163/160/144 164/162/146
f 140/136/124 139/135/123 156/161/145 157/163/147
f 148/138/126 147/137/125 164/162/146 165/164/148
f 141/139/127 140/136/124 157/163/147 158/165/149
f 149/140/128 148/138/126 165/164/148 166/166/150
f 142/141/129 141/139/127 158/165/149 159/167/151
f 150/142/130 149/140/128 166/166/150 167/168/152
f 143/143/131 142/141/129 159/167/151 160/152/138
f 151/144/132 150/142/130 167/168/152 168/154/140
f 165/164/148 164/162/146 181/169/153 182/170/154
f 158/165/149 157/163/147 174/171/155 175/172/156
f 166/166/150 165/164/148 182/170/154 183/173/157
f 159/167/151 158/165/149 175/172/156 176/174/158
f 167/168/152 166/166/150 183/173/157 184/175/159
f 160/152/138 159/167/151 176/174/158 177/176/160
f 168/154/140 167/168/152 184/175/159 185/177/161
f 161/153/139 160/152/138 177/176/160 178/178/162
f 169/155/141 168/154/140 185/177/161 186/179/163
f 162/156/142 161/153/139 178/178/162 179/180/164
f 155/158/143 1/181/30 172/182/165
f 17/183/32 169/155/141 186/179/163
f 163/160/144 162/156/142 179/180/164 180/184/166
f 156/161/145 155/158/143 172/182/165 173/185/167
f 164/162/146 163/160/144 180/184/166 181/169/153
f 157/163/147 156/161/145 173/185/167 174/171/155
f 186/179/163 185/177/161 202/186/168 203/187/169
f 179/180/164 178/178/162 195/188/170 196/189/171
f 172/182/165 1/190/30 189/191/172
f 17/192/32 186/179/163 203/187/169
f 180/184/166 179/180/164 196/189/171 197/193/173
f 173/185/167 172/182/165 189/191/172 190/194/174
f 181/169/153 180/184/166 197/193/173 198/195/175
f 174/171/155 173/185/167 190/194/174 191/196/176
f 182/170/154 181/169/153 198/195/175 199/197/177
f 175/172/156 174/171/155 191/196/176 192/198/178
f 183/173/157 182/170/154 199/197/177 200/199/179
f 176/174/158 175/172/156 192/198/178 193/200/180
f 184/175/159 183/173/157 200/199/179 201/201/181
f 177/176/160 176/174/158 193/200/180 194/202/182
f 185/177/161 184/175/159 201/201/181 202/186/168
f 178/178/162 177/176/160 194/202/182 195/188/170
f 192/198/178 191/196/176 208/203/183 209/204/184
f 200/199/179 199/197/177 216/205/185 217/206/186
f 193/200/180 192/198/178 209/204/184 210/207/187
f 201/201/181 200/199/179 217/206/186 218/208/188
f 194/202/182 193/200/180 210/207/187 211/209/189
f 202/186/168 201/201/181 218/208/188 219/210/190
f 195/188/170 194/202/182 211/209/189 212/211/191
f 203/187/169 202/186/168 219/210/190 220/212/192
f 196/189/171 195/188/170 212/211/191 213/213/193
f 189/191/172 1/214/30 206/215/194
f 17/216/32 203/187/169 220/212/192
f 197/193/173 196/189/171 213/213/193 214/217/195
f 190/194/174 189/191/172 206/215/194 207/218/196
f 198/195/175 197/193/173 214/217/195 215/219/197
f 191/196/176 190/194/174 207/218/196 208/203/183
f 199/197/177 198/195/175 215/219/197 216/205/185
f 213/213/193 212/211/191 229/220/198 230/221/199
f 206/215/194 1/222/30 223/223/200
f 17/224/32 220/212/192 237/225/201
f 214/217/195 213/213/193 230/221/199 231/226/202
f 207/218/196 206/215/194 223/223/200 224/227/203
f 215/219/197 214/217/195 231/226/202 232/228/204
f 208/203/183 207/218/196 224/227/203 225/229/205
f 216/205/185 215/219/197 232/228/204 233/230/206
f 209/204/184 208/203/183 225/229/205 226/231/207
f 217/206/186 216/205/185 233/230/206 234/232/208
f 210/207/187 209/204/184 226/231/207 227/233/209
f 218/208/188 217/206/186 234/232/208 235/234/210
f 211/209/189 210/207/187 227/233/209 228/235/211
f 219/210/190 218/208/188 235/234/210 236/236/212
f 212/211/191 211/209/189 228/235/211 229/220/198
f 220/212/192 219/210/190 236/236/212 237/225/201
f 234/232/208 233/230/206 250/237/213 251/238/214
f 227/233/209 226/231/207 243/239/215 244/240/216
f 235/234/210 234/232/208 251/238/214 252/241/217
f 228/235/211 227/233/209 244/240/216 245/242/218
f 236/236/212 235/234/210 252/241/217 253/243/219
f 229/220/198 228/235/211 245/242/218 246/244/220
f 237/225/201 236/236/212 253/243/219 254/245/221
f 230/221/199 229/220/198 246/244/220 247/246/222
f 223/223/200 1/247/30 240/248/223
f 17/249/32 237/225/201 254/245/221
f 231/226/202 230/221/199 247/246/222 248/250/224
f 224/227/203 223/223/200 240/248/223 241/251/225
f 232/228/204 231/226/202 248/250/224 249/252/226
f 225/229/205 224/227/203 241/251/225 242/253/227
f 233/230/206 232/228/204 249/252/226 250/237/213
f 226/231/207 225/229/205 242/253/227 243/239/215
f 17/254/32 254/245/221 271/255/228
f 248/250/224 247/246/222 264/256/229 265/257/230
f 241/251/225 240/248/223 257/258/231 258/259/232
f 249/252/226 248/250/224 265/257/230 266/260/233
f 242/253/227 241/251/225 258/259/232 259/261/234
f 250/237/213 249/252/226 266/260/233 267/262/235
f 243/239/215 242/253/227 259/261/234 260/263/236
f 251/238/214 250/237/213 267/262/235 268/264/237
f 244/240/216 243/239/215 260/263/236 261/265/238
f 252/241/217 251/238/214 268/264/237 269/266/239
f 245/242/218 244/240/216 261/265/238 262/267/240
f 253/243/219 252/241/217 269/266/239 270/268/241
f 246/244/220 245/242/218 262/267/240 263/269/242
f 254/245/221 253/243/219 270/268/241 271/255/228
f 247/246/222 246/244/220 263/269/242 264/256/229
f 240/248/223 1/270/30 257/258/231
f 269/266/239 268/264/237 285/271/243 286/272/244
f 262/267/240 261/265/238 278/273/245 279/274/246
f 270/268/241 269/266/239 286/272/244 287/275/247
f 263/269/242 262/267/240 279/274/246 280/276/248
f 271/255/228 270/268/241 287/275/247 288/277/249
f 264/256/229 263/269/242 280/276/248 281/278/250
f 257/258/231 1/279/30 274/280/251
f 17/281/32 271/255/228 288/277/249
f 265/257/230 264/256/229 281/278/250 282/282/252
f 258/259/232 257/258/231 274/280/251 275/283/253
f 266/260/233 265/257/230 282/282/252 283/284/254
f 259/261/234 258/259/232 275/283/253 276/285/255
f 267/262/235 266/260/233 283/284/254 284/286/256
f 260/263/236 259/261/234 276/285/255 277/287/257
f 268/264/237 267/262/235 284/286/256 285/271/243
f 261/265/238 260/263/236 277/287/257 278/273/245
f 275/283/253 274/280/251 291/288/258 292/289/259
f 283/284/254 282/282/252 299/290/260 300/291/261
f 276/285/255 275/283/253 292/289/259 293/292/262
f 284/286/256 283/284/254 300/291/261 301/293/263
f 277/287/257 276/285/255 293/292/262 294/294/264
f 285/271/243 284/286/256 301/293/263 302/295/265
f 278/273/245 277/287/257 294/294/264 295/296/266
f 286/272/244 285/271/243 302/295/265 303/297/267
f 279/274/246 278/273/245 295/296/266 296/298/268
f 287/275/247 286/272/244 303/297/267 304/299/269
f 280/276/248 279/274/246 296/298/268 297/300/270
f 288/277/249 287/275/247 304/299/269 305/301/271
f 281/278/250 280/276/248 297/300/270 298/302/272
f 274/280/251 1/303/30 291/288/258
f 17/304/32 288/277/249 305/301/271
f 282/282/252 281/278/250 298/302/272 299/290/260
f 296/298/268 295/296/266 312/305/273 313/306/274
f 304/299/269 303/297/267 320/307/275 321/308/276
f 297/300/270 296/298/268 313/306/274 314/309/277
f 305/301/271 304/299/269 321/308/276 322/310/278
f 298/302/272 297/300/270 314/309/277 315/311/279
f 291/288/258 1/312/30 308/313/280
f 17/314/32 305/301/271 322/310/278
f 299/290/260 298/302/272 315/311/279 316/315/281
f 292/289/259 291/288/258 308/313/280 309/316/282
f 300/291/261 299/290/260 316/315/281 317/317/283
f 293/292/262 292/289/259 309/316/282 310/318/284
f 301/293/263 300/291/261 317/317/283 318/319/285
f 294/294/264 293/292/262 310/318/284 311/320/286
f 302/295/265 301/293/263 318/319/285 319/321/287
f 295/296/266 294/294/264 311/320/286 312/305/273
f 303/297/267 302/295/265 319/321/287 320/307/275
f 317/317/283 316/315/281 333/322/288 334/323/289
f 310/318/284 309/316/282 326/324/290 327/325/291
f 318/319/285 317/317/283 334/323/289 335/326/292
f 311/320/286 310/318/284 327/325/291 328/327/293
f 319/321/287 318/319/285 335/326/292 336/328/294
f 312/305/273 311/320/286 328/327/293 329/329/295
f 320/307/275 319/321/287 336/328/294 337/330/296
f 313/306/274 312/305/273 329/329/295 330/331/297
f 321/308/276 320/307/275 337/330/296 338/332/298
f 314/309/277 313/306/274 330/331/297 331/333/299
f 322/310/278 321/308/276 338/332/298 339/334/300
f 315/311/279 314/309/277 331/333/299 332/335/301
f 308/313/280 1/336/30 325/337/302
f 17/338/32 322/310/278 339/334/300
f 316/315/281 315/311/279 332/335/301 333/322/288
f 309/316/282 308/313/280 325/337/302 326/324/290
f 338/332/298 337/330/296 354/339/303 355/340/304
f 331/333/299 330/331/297 347/341/305 348/342/306
f 339/334/300 338/332/298 355/340/304 356/343/307
f 332/335/301 331/333/299 348/342/306 349/344/308
f 325/337/302 1/345/30 342/346/309
f 17/347/32 339/334/300 356/343/307
f 333/322/288 332/335/301 349/344/308 350/348/310
f 326/324/290 325/337/302 342/346/309 343/349/311
f 334/323/289 333/322/288 350/348/310 351/350/312
f 327/325/291 326/324/290 343/349/311 344/351/313
f 335/326/292 334/323/289 351/350/312 352/352/314
f 328/327/293 327/325/291 344/351/313 345/353/315
f 336/328/294 335/326/292 352/352/314 353/354/316
f 329/329/295 328/327/293 345/353/315 346/355/317
f 337/330/296 336/328/294 353/354/316 354/339/303
f 330/331/297 329/329/295 346/355/317 347/341/305
f 344/351/313 343/349/311 360/356/318 361/357/319
f 352/352/314 351/350/312 368/358/320 369/359/321
f 345/353/315 344/351/313 361/357/319 362/360/322
f 353/354/316 352/352/314 369/359/321 370/361/323
f 346/355/317 345/353/315 362/360/322 363/362/324
f 354/339/303 353/354/316 370/361/323 371/363/325
f 347/341/305 346/355/317 363/362/324 364/364/326
f 355/340/304 354/339/303 371/363/325 372/365/327
f 348/342/306 347/341/305 364/364/326 365/366/328
f 356/343/307 355/340/304 372/365/327 373/367/329
f 349/344/308 348/342/306 365/366/328 366/368/330
f 342/346/309 1/369/30 359/370/331
f 17/371/32 356/343/307 373/367/329
f 350/348/310 349/344/308 366/368/330 367/372/332
f 343/349/311 342/346/309 359/370/331 360/356/318
f 351/350/312 350/348/310 367/372/332 368/358/320
f 365/366/328 364/364/326 381/373/333 382/374/334
f 373/367/329 372/365/327 389/375/335 390/376/336
f 366/368/330 365/366/328 382/374/334 383/377/337
f 359/370/331 1/378/30 376/379/338
f 17/380/32 373/367/329 390/376/336
f 367/372/332 366/368/330 383/377/337 384/381/339
f 360/356/318 359/370/331 376/379/338 377/382/340
f 368/358/320 367/372/332 384/381/339 385/383/341
f 361/357/319 360/356/318 377/382/340 378/384/342
f 369/359/321 368/358/320 385/383/341 386/385/343
f 362/360/322 361/357/319 378/384/342 379/386/344
f 370/361/323 369/359/321 386/385/343 387/387/345
f 363/362/324 362/360/322 379/386/344 380/388/346
f 371/363/325 370/361/323 387/387/345 388/389/347
f 364/364/326 363/362/324 380/388/346 381/373/333
f 372/365/327 371/363/325 388/389/347 389/375/335
f 386/385/343 385/383/341 402/390/348 403/391/349
f 379/386/344 378/384/342 395/392/350 396/393/351
f 387/387/345 386/385/343 403/391/349 404/394/352
f 380/388/346 379/386/344 396/393/351 397/395/353
f 388/389/347 387/387/345 404/394/352 405/396/354
f 381/373/333 380/388/346 397/395/353 398/397/355
f 389/375/335 388/389/347 405/396/354 406/398/356
f 382/374/334 381/373/333 398/397/355 399/399/357
f 390/376/336 389/375/335 406/398/356 407/400/358
f 383/377/337 382/374/334 399/399/357 400/401/359
f 376/379/338 1/402/30 393/403/360
f 17/404/32 390/376/336 407/400/358
f 384/381/339 383/377/337 400/401/359 401/405/361
f 377/382/340 376/379/338 393/403/360 394/406/362
f 385/383/341 384/381/339 401/405/361 402/390/348
f 378/384/342 377/382/340 394/406/362 395/392/350
f 407/400/358 406/398/356 423/407/363 424/408/364
f 400/401/359 399/399/357 416/409/365 417/410/366
f 393/403/360 1/411/30 410/412/367
f 17/413/32 407/400/358 424/408/364
f 401/405/361 400/401/359 417/410/366 418/414/368
f 394/406/362 393/403/360 410/412/367 411/415/369
f 402/390/348 401/405/361 418/414/368 419/416/370
f 395/392/350 394/406/362 411/415/369 412/417/371
f 403/391/349 402/390/348 419/416/370 420/418/372
f 396/393/351 395/392/350 412/417/371 413/419/373
f 404/394/352 403/391/349 420/418/372 421/420/374
f 397/395/353 396/393/351 413/419/373 414/421/375
f 405/396/354 404/394/352 421/420/374 422/422/376
f 398/397/355 397/395/353 414/421/375 415/423/377
f 406/398/356 405/396/354 422/422/376 423/407/363
f 399/399/357 398/397/355 415/423/377 416/409/365
f 421/424/374 420/425/372 437/426/378 438/427/379
f 414/428/375 413/429/373 430/430/380 431/431/381
f 422/432/376 421/424/374 438/427/379 439/433/382
f 415/434/377 414/428/375 431/431/381 432/435/383
f 423/436/363 422/432/376 439/433/382 440/437/384
f 416/438/365 415/434/377 432/435/383 433/439/385
f 424/440/364 423/436/363 440/437/384 441/441/386
f 417/442/366 416/438/365 433/439/385 434/443/387
f 410/444/367 1/445/30 427/446/388
f 17/447/32 424/440/364 441/441/386
f 418/448/368 417/442/366 434/443/387 435/449/389
f 411/450/369 410/444/367 427/446/388 428/451/390
f 419/452/370 418/448/368 435/449/389 436/453/391
f 412/454/371 411/450/369 428/451/390 429/455/392
f 420/425/372 419/452/370 436/453/391 437/426/378
f 413/429/373 412/454/371 429/455/392 430/430/380
f 427/446/388 1/456/30 444/457/393
f 17/458/32 441/441/386 458/459/394
f 435/449/389 434/443/387 451/460/395 452/461/396
f 428/451/390 427/446/388 444/457/393 445/462/397
f 436/453/391 435/449/389 452/461/396 453/463/398
f 429/455/392 428/451/390 445/462/397 446/464/399
f 437/426/378 436/453/391 453/463/398 454/465/400
f 430/430/380 429/455/392 446/464/399 447/466/401
f 438/427/379 437/426/378 454/465/400 455/467/402
f 431/431/381 430/430/380 447/466/401 448/468/403
f 439/433/382 438/427/379 455/467/402 456/469/404
f 432/435/383 431/431/381 448/468/403 449/470/405
f 440/437/384 439/433/382 456/469/404 457/471/406
f 433/439/385 432/435/383 449/470/405 450/472/407
f 441/441/386 440/437/384 457/471/406 458/459/394
f 434/443/387 433/439/385 450/472/407 451/460/395
f 448/468/403 447/466/401 464/473/408 465/474/409
f 456/469/404 455/467/402 472/475/410 473/476/411
f 449/470/405 448/468/403 465/474/409 466/477/412
f 457/471/406 456/469/404 473/476/411 474/478/413
f 450/472/407 449/470/405 466/477/412 467/479/414
f 458/459/394 457/471/406 474/478/413 475/480/415
f 451/460/395 450/472/407 467/479/414 468/481/416
f 444/457/393 1/482/30 461/483/417
f 17/484/32 458/459/394 475/480/415
f 452/461/396 451/460/395 468/481/416 469/485/418
f 445/462/397 444/457/393 461/483/417 462/486/419
f 453/463/398 452/461/396 469/485/418 470/487/420
f 446/464/399 445/462/397 462/486/419 463/488/421
f 454/465/400 453/463/398 470/487/420 471/489/422
f 447/466/401 446/464/399 463/488/421 464/473/408
f 455/467/402 454/465/400 471/489/422 472/475/410
f 469/485/418 468/481/416 485/490/423 486/491/424
f 462/486/419 461/483/417 478/492/425 479/493/426
f 470/487/420 469/485/418 486/491/424 487/494/427
f 463/488/421 462/486/419 479/493/426 480/495/428
f 471/489/422 470/487/420 487/494/427 488/496/429
f 464/473/408 463/488/421 480/495/428 481/497/430
f 472/475/410 471/489/422 488/496/429 489/498/431
f 465/474/409 464/473/408 481/497/430 482/499/432
f 473/476/411 472/475/410 489/498/431 490/500/433
f 466/477/412 465/474/409 482/499/432 483/501/434
f 474/478/413 473/476/411 490/500/433 491/502/435
f 467/479/414 466/477/412 483/501/434 484/503/436
f 475/480/415 474/478/413 491/502/435 492/504/437
f 468/481/416 467/479/414 484/503/436 485/490/423
f 461/483/417 1/505/30 478/492/425
f 17/506/32 475/480/415 492/504/437
f 490/500/433 489/498/431 506/507/438 507/508/439
f 483/501/434 482/499/432 499/509/440 500/510/441
f 491/502/435 490/500/433 507/508/439 508/511/442
f 484/503/436 483/501/434 500/510/441 501/512/443
f 492/504/437 491/502/435 508/511/442 509/513/444
f 485/490/423 484/503/436 501/512/443 502/514/445
f 478/492/425 1/515/30 495/516/446
f 17/517/32 492/504/437 509/513/444
f 486/491/424 485/490/423 502/514/445 503/518/447
f 479/493/426 478/492/425 495/516/446 496/519/448
f 487/494/427 486/491/424 503/518/447 504/520/449
f 480/495/428 479/493/426 496/519/448 497/521/450
f 488/496/429 487/494/427 504/520/449 505/522/451
f 481/497/430 480/495/428 497/521/450 498/523/452
f 489/498/431 488/496/429 505/522/451 506/507/438
f 482/499/432 481/497/430 498/523/452 499/509/440
f 496/519/448 495/516/446 512/524/453 513/525/454
f 504/520/449 503/518/447 520/526/455 521/527/456
f 497/521/450 496/519/448 513/525/454 514/528/457
f 505/522/451 504/520/449 521/527/456 522/529/458
f 498/523/452 497/521/450 514/528/457 515/530/459
f 506/507/438 505/522/451 522/529/458 523/531/460
f 499/509/440 498/523/452 515/530/459 516/532/461
f 507/508/439 506/507/438 523/531/460 524/533/462
f 500/510/441 499/509/440 516/532/461 517/534/463
f 508/511/442 507/508/439 524/533/462 525/535/464
f 501/512/443 500/510/441 517/534/463 518/536/465
f 509/513/444 508/511/442 525/535/464 526/537/466
f 502/514/445 501/512/443 518/536/465 519/538/467
f 495/516/446 1/539/30 512/524/453
f 17/540/32 509/513/444 526/537/466
f 503/518/447 502/514/445 519/538/467 520/526/455
f 517/534/463 516/532/461 533/541/468 534/542/469
f 525/535/464 524/533/462 541/543/470 542/544/471
f 518/536/465 517/534/463 534/542/469 535/545/472
f 526/537/466 525/535/464 542/544/471 543/546/473
f 519/538/467 518/536/465 535/545/472 536/547/474
f 512/524/453 1/548/30 529/549/475
f 17/550/32 526/537/466 543/546/473
f 520/526/455 519/538/467 536/547/474 537/551/476
f 513/525/454 512/524/453 529/549/475 530/552/477
f 521/527/456 520/526/455 537/551/476 538/553/478
f 514/528/457 513/525/454 530/552/477 531/554/479
f 522/529/458 521/527/456 538/553/478 539/555/480
f 515/530/459 514/528/457 531/554/479 532/556/481
f 523/531/460 522/529/458 539/555/480 540/557/482
f 516/532/461 515/530/459 532/556/481 533/541/468
f 524/533/462 523/531/460 540/557/482 541/543/470
f 538/553/478 537/551/476 10/2/2 555/1/1
f 531/554/479 530/552/477 547/6/6 4/5/5
f 539/555/480 538/553/478 555/1/1 12/9/9
f 532/556/481 531/554/479 4/5/5 549/11/11
f 540/557/482 539/555/480 12/9/9 557/13/13
f 533/541/468 532/556/481 549/11/11 6/15/15
f 541/543/470 540/557/482 557/13/13 558/17/17
f 534/542/469 533/541/468 6/15/15 551/19/19
f 542/544/471 541/543/470 558/17/17 559/21/21
f 535/545/472 534/542/469 551/19/19 8/23/23
f 543/546/473 542/544/471 559/21/21 560/25/25
f 536/547/474 535/545/472 8/23/23 9/27/27
f 529/549/475 1/558/30 546/29/29
f 17/559/32 543/546/473 560/25/25
f 537/551/476 536/547/474 9/27/27 10/2/2
f 530/552/477 529/549/475 546/29/29 547/6/6
f 960/1/1 550/2/2 476/3/3 460/4/4
f 556/5/5 957/6/6 528/7/7 527/8/8
f 548/9/9 960/1/1 460/4/4 459/10/10
f 958/11/11 556/5/5 527/8/8 511/12/12
f 961/13/13 548/9/9 459/10/10 443/14/14
f 554/15/15 958/11/11 511/12/12 510/16/16
f 962/17/17 961/13/13 443/14/14 442/18/18
f 959/19/19 554/15/15 510/16/16 494/20/20
f 963/21/21 962/17/17 442/18/18 426/22/22
f 553/23/23 959/19/19 494/20/20 493/24/24
f 964/25/25 963/21/21 426/22/22 425/26/26
f 552/27/27 553/23/23 493/24/24 477/28/28
f 956/29/29 561/30/30 544/31/31
f 545/32/32 964/25/25 425/26/26
f 550/2/2 552/27/27 477/28/28 476/3/3
f 957/6/6 956/29/29 544/31/31 528/7/7
f 544/31/31 561/33/30 409/34/33
f 545/35/32 425/26/26 290/36/34
f 476/3/3 477/28/28 357/37/35 341/38/36
f 528/7/7 544/31/31 409/34/33 408/39/37
f 460/4/4 476/3/3 341/38/36 340/40/38
f 527/8/8 528/7/7 408/39/37 392/41/39
f 459/10/10 460/4/4 340/40/38 324/42/40
f 511/12/12 527/8/8 392/41/39 391/43/41
f 443/14/14 459/10/10 324/42/40 323/44/42
f 510/16/16 511/12/12 391/43/41 375/45/43
f 442/18/18 443/14/14 323/44/42 307/46/44
f 494/20/20 510/16/16 375/45/43 374/47/45
f 426/22/22 442/18/18 307/46/44 306/48/46
f 493/24/24 494/20/20 374/47/45 358/49/47
f 425/26/26 426/22/22 306/48/46 290/36/34
f 477/28/28 493/24/24 358/49/47 357/37/35
f 375/45/43 391/43/41 256/50/48 255/51/49
f 307/46/44 323/44/42 188/52/50 187/53/51
f 374/47/45 375/45/43 255/51/49 239/54/52
f 306/48/46 307/46/44 187/53/51 171/55/53
f 358/49/47 374/47/45 239/54/52 238/56/54
f 290/36/34 306/48/46 171/55/53 170/57/55
f 357/37/35 358/49/47 238/56/54 222/58/56
f 409/34/33 561/59/30 289/60/57
f 545/61/32 290/36/34 170/57/55
f 341/38/36 357/37/35 222/58/56 221/62/58
f 408/39/37 409/34/33 289/60/57 273/63/59
f 340/40/38 341/38/36 221/62/58 205/64/60
f 392/41/39 408/39/37 273/63/59 272/65/61
f 324/42/40 340/40/38 205/64/60 204/66/62
f 391/43/41 392/41/39 272/65/61 256/50/48
f 323/44/42 324/42/40 204/66/62 188/52/50
f 221/62/58 222/58/56 102/67/63 86/68/64
f 273/63/59 289/60/57 154/69/65 153/70/66
f 205/64/60 221/62/58 86/68/64 85/71/67
f 272/65/61 273/63/59 153/70/66 137/72/68
f 204/66/62 205/64/60 85/71/67 69/73/69
f 256/50/48 272/65/61 137/72/68 136/74/70
f 188/52/50 204/66/62 69/73/69 68/75/71
f 255/51/49 256/50/48 136/74/70 120/76/72
f 187/53/51 188/52/50 68/75/71 52/77/73
f 239/54/52 255/51/49 120/76/72 119/78/74
f 171/55/53 187/53/51 52/77/73 51/79/75
f 238/56/54 239/54/52 119/78/74 103/80/76
f 170/57/55 171/55/53 51/79/75 35/81/77
f 222/58/56 238/56/54 103/80/76 102/67/63
f 289/60/57 561/82/30 154/69/65
f 545/83/32 170/57/55 35/81/77
f 52/77/73 68/75/71 562/84/78 563/85/79
f 119/78/74 120/76/72 14/86/80 13/87/81
f 51/79/75 52/77/73 563/85/79 564/88/82
f 103/80/76 119/78/74 13/87/81 11/89/83
f 35/81/77 51/79/75 564/88/82 565/90/84
f 102/67/63 103/80/76 11/89/83 7/91/85
f 154/69/65 561/92/30 34/93/86
f 545/94/32 35/81/77 565/90/84
f 86/68/64 102/67/63 7/91/85 5/95/87
f 153/70/66 154/69/65 34/93/86 18/96/88
f 85/71/67 86/68/64 5/95/87 3/97/89
f 137/72/68 153/70/66 18/96/88 16/98/90
f 69/73/69 85/71/67 3/97/89 2/99/91
f 136/74/70 137/72/68 16/98/90 15/100/92
f 68/75/71 69/73/69 2/99/91 562/84/78
f 120/76/72 136/74/70 15/100/92 14/86/80
f 3/97/89 5/95/87 574/101/93 575/102/94
f 16/98/90 18/96/88 567/103/95 568/104/96
f 2/99/91 3/97/89 575/102/94 576/105/97
f 15/100/92 16/98/90 568/104/96 569/106/98
f 562/84/78 2/99/91 576/105/97 577/107/99
f 14/86/80 15/100/92 569/106/98 570/108/100
f 563/85/79 562/84/78 577/107/99 578/109/101
f 13/87/81 14/86/80 570/108/100 571/110/102
f 564/88/82 563/85/79 578/109/101 579/111/103
f 11/89/83 13/87/81 571/110/102 572/112/104
f 565/90/84 564/88/82 579/111/103 580/113/105
f 7/91/85 11/89/83 572/112/104 573/114/106
f 34/93/86 561/115/30 566/116/107
f 545/117/32 565/90/84 580/113/105
f 5/95/87 7/91/85 573/114/106 574/101/93
f 18/96/88 34/93/86 566/116/107 567/103/95
f 579/111/103 578/109/101 593/118/108 594/119/109
f 572/112/104 571/110/102 586/120/110 587/121/111
f 580/113/105 579/111/103 594/119/109 595/122/112
f 573/114/106 572/112/104 587/121/111 588/123/113
f 566/116/107 561/124/30 581/125/114
f 545/126/32 580/113/105 595/122/112
f 574/101/93 573/114/106 588/123/113 589/127/115
f 567/103/95 566/116/107 581/125/114 582/128/116
f 575/102/94 574/101/93 589/127/115 590/129/117
f 568/104/96 567/103/95 582/128/116 583/130/118
f 576/105/97 575/102/94 590/129/117 591/131/119
f 569/106/98 568/104/96 583/130/118 584/132/120
f 577/107/99 576/105/97 591/131/119 592/133/121
f 570/108/100 569/106/98 584/132/120 585/134/122
f 578/109/101 577/107/99 592/133/121 593/118/108
f 571/110/102 570/108/100 585/134/122 586/120/110
f 583/130/118 582/128/116 597/135/123 598/136/124
f 591/131/119 590/129/117 605/137/125 606/138/126
f 584/132/120 583/130/118 598/136/124 599/139/127
f 592/133/121 591/131/119 606/138/126 607/140/128
f 585/134/122 584/132/120 599/139/127 600/141/129
f 593/118/108 592/133/121 607/140/128 608/142/130
f 586/120/110 585/134/122 600/141/129 601/143/131
f 594/119/109 593/118/108 608/142/130 609/144/132
f 587/121/111 586/120/110 601/143/131 602/145/133
f 595/122/112 594/119/109 609/144/132 610/146/134
f 588/123/113 587/121/111 602/145/133 603/147/135
f 581/125/114 561/148/30 596/149/136
f 545/150/32 595/122/112 610/146/134
f 589/127/115 588/123/113 603/147/135 604/151/137
f 582/128/116 581/125/114 596/149/136 597/135/123
f 590/129/117 589/127/115 604/151/137 605/137/125
f 602/145/133 601/143/131 616/152/138 617/153/139
f 610/146/134 609/144/132 624/154/140 625/155/141
f 603/147/135 602/145/133 617/153/139 618/156/142
f 596/149/136 561/157/30 611/158/143
f 545/159/32 610/146/134 625/155/141
f 604/151/137 603/147/135 618/156/142 619/160/144
f 597/135/123 596/149/136 611/158/143 612/161/145
f 605/137/125 604/151/137 619/160/144 620/162/146
f 598/136/124 597/135/123 612/161/145 613/163/147
f 606/138/126 605/137/125 620/162/146 621/164/148
f 599/139/127 598/136/124 613/163/147 614/165/149
f 607/140/128 606/138/126 621/164/148 622/166/150
f 600/141/129 599/139/127 614/165/149 615/167/151
f 608/142/130 607/140/128 622/166/150 623/168/152
f 601/143/131 600/141/129 615/167/151 616/152/138
f 609/144/132 608/142/130 623/168/152 624/154/140
f 621/164/148 620/162/146 635/169/153 636/170/154
f 614/165/149 613/163/147 628/171/155 629/172/156
f 622/166/150 621/164/148 636/170/154 637/173/157
f 615/167/151 614/165/149 629/172/156 630/174/158
f 623/168/152 622/166/150 637/173/157 638/175/159
f 616/152/138 615/167/151 630/174/158 631/176/160
f 624/154/140 623/168/152 638/175/159 639/177/161
f 617/153/139 616/152/138 631/176/160 632/178/162
f 625/155/141 624/154/140 639/177/161 640/179/163
f 618/156/142 617/153/139 632/178/162 633/180/164
f 611/158/143 561/181/30 626/182/165
f 545/183/32 625/155/141 640/179/163
f 619/160/144 618/156/142 633/180/164 634/184/166
f 612/161/145 611/158/143 626/182/165 627/185/167
f 620/162/146 619/160/144 634/184/166 635/169/153
f 613/163/147 612/161/145 627/185/167 628/171/155
f 640/179/163 639/177/161 654/186/168 655/187/169
f 633/180/164 632/178/162 647/188/170 648/189/171
f 626/182/165 561/190/30 641/191/172
f 545/192/32 640/179/163 655/187/169
f 634/184/166 633/180/164 648/189/171 649/193/173
f 627/185/167 626/182/165 641/191/172 642/194/174
f 635/169/153 634/184/166 649/193/173 650/195/175
f 628/171/155 627/185/167 642/194/174 643/196/176
f 636/170/154 635/169/153 650/195/175 651/197/177
f 629/172/156 628/171/155 643/196/176 644/198/178
f 637/173/157 636/170/154 651/197/177 652/199/179
f 630/174/158 629/172/156 644/198/178 645/200/180
f 638/175/159 637/173/157 652/199/179 653/201/181
f 631/176/160 630/174/158 645/200/180 646/202/182
f 639/177/161 638/175/159 653/201/181 654/186/168
f 632/178/162 631/176/160 646/202/182 647/188/170
f 644/198/178 643/196/176 658/203/183 659/204/184
f 652/199/179 651/197/177 666/205/185 667/206/186
f 645/200/180 644/198/178 659/204/184 660/207/187
f 653/201/181 652/199/179 667/206/186 668/208/188
f 646/202/182 645/200/180 660/207/187 661/209/189
f 654/186/168 653/201/181 668/208/188 669/210/190
f 647/188/170 646/202/182 661/209/189 662/211/191
f 655/187/169 654/186/168 669/210/190 670/212/192
f 648/189/171 647/188/170 662/211/191 663/213/193
f 641/191/172 561/214/30 656/215/194
f 545/216/32 655/187/169 670/212/192
f 649/193/173 648/189/171 663/213/193 664/217/195
f 642/194/174 641/191/172 656/215/194 657/218/196
f 650/195/175 649/193/173 664/217/195 665/219/197
f 643/196/176 642/194/174 657/218/196 658/203/183
f 651/197/177 650/195/175 665/219/197 666/205/185
f 663/213/193 662/211/191 677/220/198 678/221/199
f 656/215/194 561/222/30 671/223/200
f 545/224/32 670/212/192 685/225/201
f 664/217/195 663/213/193 678/221/199 679/226/202
f 657/218/196 656/215/194 671/223/200 672/227/203
f 665/219/197 664/217/195 679/226/202 680/228/204
f 658/203/183 657/218/196 672/227/203 673/229/205
f 666/205/185 665/219/197 680/228/204 681/230/206
f 659/204/184 658/203/183 673/229/205 674/231/207
f 667/206/186 666/205/185 681/230/206 682/232/208
f 660/207/187 659/204/184 674/231/207 675/233/209
f 668/208/188 667/206/186 682/232/208 683/234/210
f 661/209/189 660/207/187 675/233/209 676/235/211
f 669/210/190 668/208/188 683/234/210 684/236/212
f 662/211/191 661/209/189 676/235/211 677/220/198
f 670/212/192 669/210/190 684/236/212 685/225/201
f 682/232/208 681/230/206 696/237/213 697/238/214
f 675/233/209 674/231/207 689/239/215 690/240/216
f 683/234/210 682/232/208 697/238/214 698/241/217
f 676/235/211 675/233/209 690/240/216 691/242/218
f 684/236/212 683/234/210 698/241/217 699/243/219
f 677/220/198 676/235/211 691/242/218 692/244/220
f 685/225/201 684/236/212 699/243/219 700/245/221
f 678/221/199 677/220/198 692/244/220 693/246/222
f 671/223/200 561/247/30 686/248/223
f 545/249/32 685/225/201 700/245/221
f 679/226/202 678/221/199 693/246/222 694/250/224
f 672/227/203 671/223/200 686/248/223 687/251/225
f 680/228/204 679/226/202 694/250/224 695/252/226
f 673/229/205 672/227/203 687/251/225 688/253/227
f 681/230/206 680/228/204 695/252/226 696/237/213
f 674/231/207 673/229/205 688/253/227 689/239/215
f 545/254/32 700/245/221 715/255/228
f 694/250/224 693/246/222 708/256/229 709/257/230
f 687/251/225 686/248/223 701/258/231 702/259/232
f 695/252/226 694/250/224 709/257/230 710/260/233
f 688/253/227 687/251/225 702/259/232 703/261/234
f 696/237/213 695/252/226 710/260/233 711/262/235
f 689/239/215 688/253/227 703/261/234 704/263/236
f 697/238/214 696/237/213 711/262/235 712/264/237
f 690/240/216 689/239/215 704/263/236 705/265/238
f 698/241/217 697/238/214 712/264/237 713/266/239
f 691/242/218 690/240/216 705/265/238 706/267/240
f 699/243/219 698/241/217 713/266/239 714/268/241
f 692/244/220 691/242/218 706/267/240 707/269/242
f 700/245/221 699/243/219 714/268/241 715/255/228
f 693/246/222 692/244/220 707/269/242 708/256/229
f 686/248/223 561/270/30 701/258/231
f 713/266/239 712/264/237 727/271/243 728/272/244
f 706/267/240 705/265/238 720/273/245 721/274/246
f 714/268/241 713/266/239 728/272/244 729/275/247
f 707/269/242 706/267/240 721/274/246 722/276/248
f 715/255/228 714/268/241 729/275/247 730/277/249
f 708/256/229 707/269/242 722/276/248 723/278/250
f 701/258/231 561/279/30 716/280/251
f 545/281/32 715/255/228 730/277/249
f 709/257/230 708/256/229 723/278/250 724/282/252
f 702/259/232 701/258/231 716/280/251 717/283/253
f 710/260/233 709/257/230 724/282/252 725/284/254
f 703/261/234 702/259/232 717/283/253 718/285/255
f 711/262/235 710/260/233 725/284/254 726/286/256
f 704/263/236 703/261/234 718/285/255 719/287/257
f 712/264/237 711/262/235 726/286/256 727/271/243
f 705/265/238 704/263/236 719/287/257 720/273/245
f 717/283/253 716/280/251 731/288/258 732/289/259
f 725/284/254 724/282/252 739/290/260 740/291/261
f 718/285/255 717/283/253 732/289/259 733/292/262
f 726/286/256 725/284/254 740/291/261 741/293/263
f 719/287/257 718/285/255 733/292/262 734/294/264
f 727/271/243 726/286/256 741/293/263 742/295/265
f 720/273/245 719/287/257 734/294/264 735/296/266
f 728/272/244 727/271/243 742/295/265 743/297/267
f 721/274/246 720/273/245 735/296/266 736/298/268
f 729/275/247 728/272/244 743/297/267 744/299/269
f 722/276/248 721/274/246 736/298/268 737/300/270
f 730/277/249 729/275/247 744/299/269 745/301/271
f 723/278/250 722/276/248 737/300/270 738/302/272
f 716/280/251 561/303/30 731/288/258
f 545/304/32 730/277/249 745/301/271
f 724/282/252 723/278/250 738/302/272 739/290/260
f 736/298/268 735/296/266 750/305/273 751/306/274
f 744/299/269 743/297/267 758/307/275 759/308/276
f 737/300/270 736/298/268 751/306/274 752/309/277
f 745/301/271 744/299/269 759/308/276 760/310/278
f 738/302/272 737/300/270 752/309/277 753/311/279
f 731/288/258 561/312/30 746/313/280
f 545/314/32 745/301/271 760/310/278
f 739/290/260 738/302/272 753/311/279 754/315/281
f 732/289/259 731/288/258 746/313/280 747/316/282
f 740/291/261 739/290/260 754/315/281 755/317/283
f 733/292/262 732/289/259 747/316/282 748/318/284
f 741/293/263 740/291/261 755/317/283 756/319/285
f 734/294/264 733/292/262 748/318/284 749/320/286
f 742/295/265 741/293/263 756/319/285 757/321/287
f 735/296/266 734/294/264 749/320/286 750/305/273
f 743/297/267 742/295/265 757/321/287 758/307/275
f 755/317/283 754/315/281 769/322/288 770/323/289
f 748/318/284 747/316/282 762/324/290 763/325/291
f 756/319/285 755/317/283 770/323/289 771/326/292
f 749/320/286 748/318/284 763/325/291 764/327/293
f 757/321/287 756/319/285 771/326/292 772/328/294
f 750/305/273 749/320/286 764/327/293 765/329/295
f 758/307/275 757/321/287 772/328/294 773/330/296
f 751/306/274 750/305/273 765/329/295 766/331/297
f 759/308/276 758/307/275 773/330/296 774/332/298
f 752/309/277 751/306/274 766/331/297 767/333/299
f 760/310/278 759/308/276 774/332/298 775/334/300
f 753/311/279 752/309/277 767/333/299 768/335/301
f 746/313/280 561/336/30 761/337/302
f 545/338/32 760/310/278 775/334/300
f 754/315/281 753/311/279 768/335/301 769/322/288
f 747/316/282 746/313/280 761/337/302 762/324/290
f 774/332/298 773/330/296 788/339/303 789/340/304
f 767/333/299 766/331/297 781/341/305 782/342/306
f 775/334/300 774/332/298 789/340/304 790/343/307
f 768/335/301 767/333/299 782/342/306 783/344/308
f 761/337/302 561/345/30 776/346/309
f 545/347/32 775/334/300 790/343/307
f 769/322/288 768/335/301 783/344/308 784/348/310
f 762/324/290 761/337/302 776/346/309 777/349/311
f 770/323/289 769/322/288 784/348/310 785/350/312
f 763/325/291 762/324/290 777/349/311 778/351/313
f 771/326/292 770/323/289 785/350/312 786/352/314
f 764/327/293 763/325/291 778/351/313 779/353/315
f 772/328/294 771/326/292 786/352/314 787/354/316
f 765/329/295 764/327/293 779/353/315 780/355/317
f 773/330/296 772/328/294 787/354/316 788/339/303
f 766/331/297 765/329/295 780/355/317 781/341/305
f 778/351/313 777/349/311 792/356/318 793/357/319
f 786/352/314 785/350/312 800/358/320 801/359/321
f 779/353/315 778/351/313 793/357/319 794/360/322
f 787/354/316 786/352/314 801/359/321 802/361/323
f 780/355/317 779/353/315 794/360/322 795/362/324
f 788/339/303 787/354/316 802/361/323 803/363/325
f 781/341/305 780/355/317 795/362/324 796/364/326
f 789/340/304 788/339/303 803/363/325 804/365/327
f 782/342/306 781/341/305 796/364/326 797/366/328
f 790/343/307 789/340/304 804/365/327 805/367/329
f 783/344/308 782/342/306 797/366/328 798/368/330
f 776/346/309 561/369/30 791/370/331
f 545/371/32 790/343/307 805/367/329
f 784/348/310 783/344/308 798/368/330 799/372/332
f 777/349/311 776/346/309 791/370/331 792/356/318
f 785/350/312 784/348/310 799/372/332 800/358/320
f 797/366/328 796/364/326 811/373/333 812/374/334
f 805/367/329 804/365/327 819/375/335 820/376/336
f 798/368/330 797/366/328 812/374/334 813/377/337
f 791/370/331 561/378/30 806/379/338
f 545/380/32 805/367/329 820/376/336
f 799/372/332 798/368/330 813/377/337 814/381/339
f 792/356/318 791/370/331 806/379/338 807/382/340
f 800/358/320 799/372/332 814/381/339 815/383/341
f 793/357/319 792/356/318 807/382/340 808/384/342
f 801/359/321 800/358/320 815/383/341 816/385/343
f 794/360/322 793/357/319 808/384/342 809/386/344
f 802/361/323 801/359/321 816/385/343 817/387/345
f 795/362/324 794/360/322 809/386/344 810/388/346
f 803/363/325 802/361/323 817/387/345 818/389/347
f 796/364/326 795/362/324 810/388/346 811/373/333
f 804/365/327 803/363/325 818/389/347 819/375/335
f 816/385/343 815/383/341 830/390/348 831/391/349
f 809/386/344 808/384/342 823/392/350 824/393/351
f 817/387/345 816/385/343 831/391/349 832/394/352
f 810/388/346 809/386/344 824/393/351 825/395/353
f 818/389/347 817/387/345 832/394/352 833/396/354
f 811/373/333 810/388/346 825/395/353 826/397/355
f 819/375/335 818/389/347 833/396/354 834/398/356
f 812/374/334 811/373/333 826/397/355 827/399/357
f 820/376/336 819/375/335 834/398/356 835/400/358
f 813/377/337 812/374/334 827/399/357 828/401/359
f 806/379/338 561/402/30 821/403/360
f 545/404/32 820/376/336 835/400/358
f 814/381/339 813/377/337 828/401/359 829/405/361
f 807/382/340 806/379/338 821/403/360 822/406/362
f 815/383/341 814/381/339 829/405/361 830/390/348
f 808/384/342 807/382/340 822/406/362 823/392/350
f 835/400/358 834/398/356 849/407/363 850/408/364
f 828/401/359 827/399/357 842/409/365 843/410/366
f 821/403/360 561/411/30 836/412/367
f 545/413/32 835/400/358 850/408/364
f 829/405/361 828/401/359 843/410/366 844/414/368
f 822/406/362 821/403/360 836/412/367 837/415/369
f 830/390/348 829/405/361 844/414/368 845/416/370
f 823/392/350 822/406/362 837/415/369 838/417/371
f 831/391/349 830/390/348 845/416/370 846/418/372
f 824/393/351 823/392/350 838/417/371 839/419/373
f 832/394/352 831/391/349 846/418/372 847/420/374
f 825/395/353 824/393/351 839/419/373 840/421/375
f 833/396/354 832/394/352 847/420/374 848/422/376
f 826/397/355 825/395/353 840/421/375 841/423/377
f 834/398/356 833/396/354 848/422/376 849/407/363
f 827/399/357 826/397/355 841/423/377 842/409/365
f 847/424/374 846/425/372 861/426/378 862/427/379
f 840/428/375 839/429/373 854/430/380 855/431/381
f 848/432/376 847/424/374 862/427/379 863/433/382
f 841/434/377 840/428/375 855/431/381 856/435/383
f 849/436/363 848/432/376 863/433/382 864/437/384
f 842/438/365 841/434/377 856/435/383 857/439/385
f 850/440/364 849/436/363 864/437/384 865/441/386
f 843/442/366 842/438/365 857/439/385 858/443/387
f 836/444/367 561/445/30 851/446/388
f 545/447/32 850/440/364 865/441/386
f 844/448/368 843/442/366 858/443/387 859/449/389
f 837/450/369 836/444/367 851/446/388 852/451/390
f 845/452/370 844/448/368 859/449/389 860/453/391
f 838/454/371 837/450/369 852/451/390 853/455/392
f 846/425/372 845/452/370 860/453/391 861/426/378
f 839/429/373 838/454/371 853/455/392 854/430/380
f 851/446/388 561/456/30 866/457/393
f 545/458/32 865/441/386 880/459/394
f 859/449/389 858/443/387 873/460/395 874/461/396
f 852/451/390 851/446/388 866/457/393 867/462/397
f 860/453/391 859/449/389 874/461/396 875/463/398
f 853/455/392 852/451/390 867/462/397 868/464/399
f 861/426/378 860/453/391 875/463/398 876/465/400
f 854/430/380 853/455/392 868/464/399 869/466/401
f 862/427/379 861/426/378 876/465/400 877/467/402
f 855/431/381 854/430/380 869/466/401 870/468/403
f 863/433/382 862/427/379 877/467/402 878/469/404
f 856/435/383 855/431/381 870/468/403 871/470/405
f 864/437/384 863/433/382 878/469/404 879/471/406
f 857/439/385 856/435/383 871/470/405 872/472/407
f 865/441/386 864/437/384 879/471/406 880/459/394
f 858/443/387 857/439/385 872/472/407 873/460/395
f 870/468/403 869/466/401 884/473/408 885/474/409
f 878/469/404 877/467/402 892/475/410 893/476/411
f 871/470/405 870/468/403 885/474/409 886/477/412
f 879/471/406 878/469/404 893/476/411 894/478/413
f 872/472/407 871/470/405 886/477/412 887/479/414
f 880/459/394 879/471/406 894/478/413 895/480/415
f 873/460/395 872/472/407 887/479/414 888/481/416
f 866/457/393 561/482/30 881/483/417
f 545/484/32 880/459/394 895/480/415
f 874/461/396 873/460/395 888/481/416 889/485/418
f 867/462/397 866/457/393 881/483/417 882/486/419
f 875/463/398 874/461/396 889/485/418 890/487/420
f 868/464/399 867/462/397 882/486/419 883/488/421
f 876/465/400 875/463/398 890/487/420 891/489/422
f 869/466/401 868/464/399 883/488/421 884/473/408
f 877/467/402 876/465/400 891/489/422 892/475/410
f 889/485/418 888/481/416 903/490/423 904/491/424
f 882/486/419 881/483/417 896/492/425 897/493/426
f 890/487/420 889/485/418 904/491/424 905/494/427
f 883/488/421 882/486/419 897/493/426 898/495/428
f 891/489/422 890/487/420 905/494/427 906/496/429
f 884/473/408 883/488/421 898/495/428 899/497/430
f 892/475/410 891/489/422 906/496/429 907/498/431
f 885/474/409 884/473/408 899/497/430 900/499/432
f 893/476/411 892/475/410 907/498/431 908/500/433
f 886/477/412 885/474/409 900/499/432 901/501/434
f 894/478/413 893/476/411 908/500/433 909/502/435
f 887/479/414 886/477/412 901/501/434 902/503/436
f 895/480/415 894/478/413 909/502/435 910/504/437
f 888/481/416 887/479/414 902/503/436 903/490/423
f 881/483/417 561/505/30 896/492/425
f 545/506/32 895/480/415 910/504/437
f 908/500/433 907/498/431 922/507/438 923/508/439
f 901/501/434 900/499/432 915/509/440 916/510/441
f 909/502/435 908/500/433 923/508/439 924/511/442
f 902/503/436 901/501/434 916/510/441 917/512/443
f 910/504/437 909/502/435 924/511/442 925/513/444
f 903/490/423 902/503/436 917/512/443 918/514/445
f 896/492/425 561/515/30 911/516/446
f 545/517/32 910/504/437 925/513/444
f 904/491/424 903/490/423 918/514/445 919/518/447
f 897/493/426 896/492/425 911/516/446 912/519/448
f 905/494/427 904/491/424 919/518/447 920/520/449
f 898/495/428 897/493/426 912/519/448 913/521/450
f 906/496/429 905/494/427 920/520/449 921/522/451
f 899/497/430 898/495/428 913/521/450 914/523/452
f 907/498/431 906/496/429 921/522/451 922/507/438
f 900/499/432 899/497/430 914/523/452 915/509/440
f 912/519/448 911/516/446 926/524/453 927/525/454
f 920/520/449 919/518/447 934/526/455 935/527/456
f 913/521/450 912/519/448 927/525/454 928/528/457
f 921/522/451 920/520/449 935/527/456 936/529/458
f 914/523/452 913/521/450 928/528/457 929/530/459
f 922/507/438 921/522/451 936/529/458 937/531/460
f 915/509/440 914/523/452 929/530/459 930/532/461
f 923/508/439 922/507/438 937/531/460 938/533/462
f 916/510/441 915/509/440 930/532/461 931/534/463
f 924/511/442 923/508/439 938/533/462 939/535/464
f 917/512/443 916/510/441 931/534/463 932/536/465
f 925/513/444 924/511/442 939/535/464 940/537/466
f 918/514/445 917/512/443 932/536/465 933/538/467
f 911/516/446 561/539/30 926/524/453
f 545/540/32 925/513/444 940/537/466
f 919/518/447 918/514/445 933/538/467 934/526/455
f 931/534/463 930/532/461 945/541/468 946/542/469
f 939/535/464 938/533/462 953/543/470 954/544/471
f 932/536/465 931/534/463 946/542/469 947/545/472
f 940/537/466 939/535/464 954/544/471 955/546/473
f 933/538/467 932/536/465 947/545/472 948/547/474
f 926/524/453 561/548/30 941/549/475
f 545/550/32 940/537/466 955/546/473
f 934/526/455 933/538/467 948/547/474 949/551/476
f 927/525/454 926/524/453 941/549/475 942/552/477
f 935/527/456 934/526/455 949/551/476 950/553/478
f 928/528/457 927/525/454 942/552/477 943/554/479
f 936/529/458 935/527/456 950/553/478 951/555/480
f 929/530/459 928/528/457 943/554/479 944/556/481
f 937/531/460 936/529/458 951/555/480 952/557/482
f 930/532/461 929/530/459 944/556/481 945/541/468
f 938/533/462 937/531/460 952/557/482 953/543/470
f 950/553/478 949/551/476 550/2/2 960/1/1
f 943/554/479 942/552/477 957/6/6 556/5/5
f 951/555/480 950/553/478 960/1/1 548/9/9
f 944/556/481 943/554/479 556/5/5 958/11/11
f 952/557/482 951/555/480 548/9/9 961/13/13
f 945/541/468 944/556/481 958/11/11 554/15/15
f 953/543/470 952/557/482 961/13/13 962/17/17
f 946/542/469 945/541/468 554/15/15 959/19/19
f 954/544/471 953/543/470 962/17/17 963/21/21
f 947/545/472 946/542/469 959/19/19 553/23/23
f 955/546/473 954/544/471 963/21/21 964/25/25
f 948/547/474 947/545/472 553/23/23 552/27/27
f 941/549/475 561/558/30 956/29/29
f 545/559/32 955/546/473 964/25/25
f 949/551/476 948/547/474 552/27/27 550/2/2
f 942/552/477 941/549/475 956/29/29 957/6/6
f 965/442/27 966/560/27 968/561/28 967/562/28
f 967/562/28 968/561/28 970/563/35 969/564/35
f 969/564/35 970/563/35 972/565/56 971/566/56
f 971/566/56 972/565/56 974/567/63 973/568/63
f 973/568/63 974/567/63 976/569/85 975/570/85
f 975/570/85 976/569/85 978/571/106 977/572/106
f 977/572/106 978/571/106 980/573/113 979/574/113
f 979/574/113 980/573/113 982/575/135 981/27/135
f 981/27/135 982/575/135 984/576/142 983/28/142
f 983/28/142 984/576/142 986/577/164 985/37/164
f 985/37/164 986/577/164 988/578/171 987/58/171
f 987/58/171 988/578/171 990/579/193 989/67/193
f 989/67/193 990/579/193 992/580/199 991/91/199
f 991/91/199 992/580/199 994/581/222 993/114/222
f 993/114/222 994/581/222 996/582/229 995/123/229
f 995/123/229 996/582/229 998/583/250 997/584/250
f 997/584/250 998/583/250 1000/585/272 999/586/272
f 999/586/272 1000/585/272 1002/587/279 1001/588/279
f 1001/588/279 1002/587/279 1004/589/301 1003/590/301
f 1003/590/301 1004/589/301 1006/591/308 1005/592/308
f 1005/592/308 1006/591/308 1008/593/330 1007/594/330
f 1007/594/330 1008/593/330 1010/595/337 1009/596/337
f 1009/596/337 1010/595/337 1012/597/359 1011/598/359
f 1011/598/359 1012/597/359 1014/599/366 1013/600/366
f 1013/600/366 1014/599/366 1016/601/387 1015/602/387
f 1015/602/387 1016/601/387 1018/603/395 1017/604/395
f 1017/604/395 1018/603/395 1020/605/416 1019/606/416
f 1019/606/416 1020/605/416 1022/607/423 1021/608/423
f 1021/608/423 1022/607/423 1024/609/445 1023/610/445
f 1023/610/445 1024/609/445 1026/611/467 1025/612/467
f 968/613/30 966/614/30 1028/615/30 1026/616/30 1024/617/30 1022/618/30 1020/619/30 1018/620/30 1016/621/30 1014/622/30 1012/623/30 1010/624/30 1008/625/30 1006/626/30 1004/627/30 1002/628/30 1000/629/30 998/630/30 996/631/30 994/632/30 992/633/30 990/634/30 988/635/30 986/636/30 984/637/30 982/638/30 980/639/30 978/640/30 976/641/30 974/642/30 972/643/30 970/644/30
f 1025/612/467 1026/611/467 1028/645/474 1027/646/474
f 1027/646/474 1028/645/474 966/647/27 965/410/27
f 965/648/32 967/649/32 969/650/32 971/651/32 973/652/32 975/653/32 977/654/32 979/655/32 981/656/32 983/657/32 985/658/32 987/659/32 989/660/32 991/661/32 993/662/32 995/663/32 997/664/32 999/665/32 1001/666/32 1003/667/32 1005/668/32 1007/669/32 1009/670/32 1011/671/32 1013/672/32 1015/673/32 1017/674/32 1019/675/32 1021/676/32 1023/677/32 1025/678/32 1027/679/32
